DE000A1EWWW0,adidas AG,7472,ADIDAS AG,100.0
FR0000120073,Air Liquide SA,4952,AIR LIQUIDE,100.0
FR0000120073,Air Liquide SA,28147,AIR LIQUIDE ELECTRONICS US LP,64.70588235294117
FR0000120073,Air Liquide SA,52291,AIR LIQUIDE SANTE INT,52.38095238095239
FR0000120073,Air Liquide SA,124575,AIR LIQUIDE MEDICAL SYSTEMS,57.89473684210527
FR0000120073,Air Liquide SA,129410,AIR LIQUIDE MEDICAL SYSTEMS S,55.00000000000001
FR0000120073,Air Liquide SA,160145,AIR LIQUIDE DEUTSCHLAND GMBH,64.70588235294117
FR0000120073,Air Liquide SA,407373,AIR LIQUIDE SANITA SERVICE S P,52.38095238095239
FR0000120073,Air Liquide SA,484226,AIR LIQUIDE ELECTRONICS SYS,52.38095238095239
FR0000120073,Air Liquide SA,556651,AIR LIQUIDE ADVANCED TECH US LLC,61.111111111111114
FR0000120073,Air Liquide SA,616033,AIR LIQUIDE SANTÉ INTERNATIONAL,52.38095238095239
FR0000120073,Air Liquide SA,619975,AIR LIQUIDE MEDICAL G M B H,61.111111111111114
FR0000120073,Air Liquide SA,632029,AIR LIQUIDE SANITA SERVICES SP,53.65853658536586
FR0000120073,Air Liquide SA,648095,AIR LIQUIDE ITALIA SERVICE,57.89473684210527
FR0000120073,Air Liquide SA,915673,AIR LIQUIDE PROCESS & CONSTRUCTION INC,51.162790697674424
FR0000120073,Air Liquide SA,935937,Air Liquide Santé (International),52.38095238095239
FR0000120073,Air Liquide SA,957439,AIR LIQUIDE ADVANCED MAT LLC,62.857142857142854
FR0000120073,Air Liquide SA,995133,AIR LIQUIDE MEDICAL SYSTEMS S R L,51.162790697674424
FR0000120073,Air Liquide SA,1212578,AIR LIQUIDE ITALIA S R L,64.70588235294117
FR0000120073,Air Liquide SA,1267815,AIR LIQUIDE AMERICAN,73.33333333333334
FR0000120073,Air Liquide SA,1424798,AIR LIQUIDE OIL AND GAS SERVICES LTD,56.41025641025641
FR0000120073,Air Liquide SA,1457450,AIR LIQUIDE PROCESS & CONSTRUC,56.41025641025641
FR0000120073,Air Liquide SA,1884335,AIR LIQUIDE SANTE (INTERNATIONAL),52.38095238095239
FR0000120073,Air Liquide SA,1907090,AIR LIQUIDE EUROP HOMECARE OPERATIONS SERVICES,38.59649122807017
FR0000120073,Air Liquide SA,2056676,AIR LIQUIDE MEDICAL SYSTEMS S P A,51.162790697674424
FR0000120073,Air Liquide SA,2230287,AIR LIQUIDE MEDICAL GMBH,73.33333333333334
FR0000120073,Air Liquide SA,2581677,AIR LIQUIDE HEALTHCARE AMERICA CORP,53.65853658536586
FR0000120073,Air Liquide SA,2693407,AIR LIQUIDE AGS GMBH,84.61538461538461
FR0000120073,Air Liquide SA,4246589,AIR LIQUIDE SERVICES,70.96774193548387
FR0000120073,Air Liquide SA,7464448,AIR LIQUIDE SANITA SERVICES SPA,57.89473684210527
FR0000130007,Alcatel-Lucent SAS,457,ALCATEL LUCENT USA INC,100.0
FR0000130007,Alcatel-Lucent SAS,3033,ALCATEL LUCENT,100.0
FR0000130007,Alcatel-Lucent SAS,71138,ALCATEL LUCENT DEUTSCHLAND AG,70.0
FR0000130007,Alcatel-Lucent SAS,91906,ALCATEL LUCENT S A,100.0
FR0000130007,Alcatel-Lucent SAS,192201,ALCATEL LUCENT ESPANA S A,80.0
FR0000130007,Alcatel-Lucent SAS,245413,ALCATEL LUCENT SHANGHAI BELL,66.66666666666667
FR0000130007,Alcatel-Lucent SAS,364028,ALCATEL LUCENT CANADA INC,80.0
FR0000130007,Alcatel-Lucent SAS,480448,ALCATEL LUCENT ITALIA S P A,70.0
FR0000130007,Alcatel-Lucent SAS,498498,ALCATEL-LUCENT SHANGHAI BELL CO LTD,66.66666666666667
FR0000130007,Alcatel-Lucent SAS,602749,ALCATEL LUCENT INTERNAT,66.66666666666667
FR0000130007,Alcatel-Lucent SAS,620972,ALACATEL LUCENT S A,96.55172413793103
FR0000130007,Alcatel-Lucent SAS,689408,ALCATEL- LUCENT SHANGHAI BELL CO LTD,66.66666666666667
FR0000130007,Alcatel-Lucent SAS,1156800,ALCATEL-LUCENT DEUTSCHLAND AG,70.0
FR0000130007,Alcatel-Lucent SAS,1775439,ALCATEL-LUCENT USA INCORPORATED,100.0
FR0000130007,Alcatel-Lucent SAS,2872280,ALCATEL LUCENT USA INCORPORATED,100.0
FR0000130007,Alcatel-Lucent SAS,3623178,ALCATEL LUCENT ESPAÑA S A,80.0
FR0000130007,Alcatel-Lucent SAS,3873162,ALCATEL LUCENT INT,66.66666666666667
FR0000130007,Alcatel-Lucent SAS,4005677,ALCATEL-LUCENT ESPAÑA,80.0
FR0000130007,Alcatel-Lucent SAS,4425183,ALCATEL LUCENT POLSKA SP Z O O,65.11627906976744
FR0000130007,Alcatel-Lucent SAS,4959744,ALCATEL LUCENT IRELAND LTD,77.77777777777779
FR0000130007,Alcatel-Lucent SAS,5635313,ALCATEL LUCENT ESPA A,80.0
FR0000130007,Alcatel-Lucent SAS,5716824,ALCATEL-LUCENT ESPAÑA S A,80.0
FR0000130007,Alcatel-Lucent SAS,6323416,ALCATEL-LUCENT SHANGHAI BELL,66.66666666666667
FR0000130007,Alcatel-Lucent SAS,7173353,ALCATEL LUCENT FRANCE,80.0
FI0009000285,Amer Sports Oy,841147,AMER SPORTS CANADA INC,76.47058823529412
FI0009000285,Amer Sports Oy,2545835,PITTCON IND A DIVISION OF AMER,50.0
FI0009000285,Amer Sports Oy,2811917,AMER SPORT ITALIA SPA,72.72727272727273
SE0010468116,Arjo AB,717555,ARJO LTD,100.0
SE0010468116,Arjo AB,1663408,ARJO INC,100.0
SE0010468116,Arjo AB,2185040,ARJO IP HOLDING AB,100.0
SE0017486889,Atlas Copco AB,637,ATLAS COPCO AIRPOWER NV,62.857142857142854
SE0017486889,Atlas Copco AB,811,ATLAS COPCO IND TECHNIQUE AB,51.162790697674424
SE0017486889,Atlas Copco AB,5610,ATLAS COPCO ROCK DRILLS AB,64.70588235294117
SE0017486889,Atlas Copco AB,11132,ATLAS COPCO MCT AB,84.61538461538461
SE0017486889,Atlas Copco AB,15168,ATLAS COPCO AB,100.0
SE0017486889,Atlas Copco AB,16573,ATLAS COPCO COMPTEC LLC,73.33333333333334
SE0017486889,Atlas Copco AB,24935,ATLAS COPCO TOOLS AB,78.57142857142857
SE0017486889,Atlas Copco AB,30278,ATLAS COPCO ELECTRIC TOOLS,59.45945945945945
SE0017486889,Atlas Copco AB,38320,ATLAS COPCO ROCKTECH AB,70.96774193548387
SE0017486889,Atlas Copco AB,52791,ATLAS COPCO MAI GMBH,84.61538461538461
SE0017486889,Atlas Copco AB,54189,ATLAS COPCO CONSTR TOOLS AB,62.857142857142854
SE0017486889,Atlas Copco AB,78620,ATLAS COPCO IND TECH AB,57.89473684210527
SE0017486889,Atlas Copco AB,89116,ATLAS COPCO CONSTR & MINING,61.111111111111114
SE0017486889,Atlas Copco AB,111150,ATLAS COPCO IAS UK LTD,75.86206896551724
SE0017486889,Atlas Copco AB,219251,ATLAS COPCO ENERGAS,73.33333333333334
SE0017486889,Atlas Copco AB,317288,ATLAS COPCO SECOROC AB,73.33333333333334
SE0017486889,Atlas Copco AB,435901,ATLAS COPCO KOREA CO LTD,78.57142857142857
SE0017486889,Atlas Copco AB,475835,ATLAS COPCO ROBBINS INC,73.33333333333334
SE0017486889,Atlas Copco AB,476753,ATLAS COPCO ROTEX AB OY,64.70588235294117
SE0017486889,Atlas Copco AB,508313,ATLAS COPCO BLM SRL,73.33333333333334
SE0017486889,Atlas Copco AB,543684,ATLAS COPCO IAS GMBH,84.61538461538461
SE0017486889,Atlas Copco AB,661944,ATLAS COPCO ELEKTROWERKZEUGE,56.41025641025641
SE0017486889,Atlas Copco AB,775487,ATLAS COPCO CREPELLE SAS,70.96774193548387
SE0017486889,Atlas Copco AB,874865,ATLAS COPCO DRILLING SOLUTIONS,53.65853658536586
SE0017486889,Atlas Copco AB,985031,ATLAS COPCO JARVA INC,78.57142857142857
SE0017486889,Atlas Copco AB,1004215,ATLAS COPCO CONTROLS AB,70.96774193548387
SE0017486889,Atlas Copco AB,1196178,ATLAS COPCO TOOLS & ASSEMBLY SYSTEMS LLC,48.88888888888889
SE0017486889,Atlas Copco AB,1214209,ATLAS COPCO WUXI COMPRESSOR CO LTD,57.89473684210527
SE0017486889,Atlas Copco AB,1314755,ATLAS COPCO APPLIC IND,55.00000000000001
SE0017486889,Atlas Copco AB,1453009,ATLAS COPCO CONSTRUCTION TECHNIQUE BRASIL LTDA,38.59649122807017
SE0017486889,Atlas Copco AB,1813325,ATLAS COPCO SECOROC LLC,73.33333333333334
SE0017486889,Atlas Copco AB,2426360,ATLAS COPCO WAGNER INC,73.33333333333334
SE0017486889,Atlas Copco AB,2481461,ATLAS COPCO CONSTRUCTION TECH BRASIL LTDA,42.307692307692314
SE0017486889,Atlas Copco AB,2500890,ATLAS COPCO CANADA INC,75.86206896551724
SE0017486889,Atlas Copco AB,2987490,ATLAS COPCO ROTOFLOW INC,70.96774193548387
SE0017486889,Atlas Copco AB,3623706,ATLAS COPCO COMPTEC INC,73.33333333333334
SE0017486889,Atlas Copco AB,3635147,ATLAS COPCO CENTRAL EUROP GMBH,61.111111111111114
SE0017486889,Atlas Copco AB,3641473,ATLAS COPCO AUTOMATION AB,66.66666666666667
SE0017486889,Atlas Copco AB,3967838,ATLAS COPCO DRILLS AB,75.86206896551724
SE0017486889,Atlas Copco AB,4095316,ATLAS COPCO INDIA LTD,78.57142857142857
SE0017486889,Atlas Copco AB,5781894,ATLAS COPCO FRANCE,75.86206896551724
SE0017486889,Atlas Copco AB,7137890,ATLAS COPCO WAGNER LLC,73.33333333333334
SE0017486889,Atlas Copco AB,7507769,ATLAS COPCO (WUXI) COMPRESSOR CO LTD,57.89473684210527
SE0017486889,Atlas Copco AB,7517290,ATLAS COPCO IND TECH AB SWEDEN,45.833333333333336
DE000BASF111,BASF SE,209,BASF SE,100.0
ES0113211835,Banco Bilbao Vizcaya Argentaria SA,554212,BANCO BILBAO VIZCAYA ARGENTARIA SA,100.0
ES0113679I37,Bankinter SA,211749,BANKINTER SA,100.0
FR0000131104,BNP Paribas SA,2958813,BNP PARIBAS ASSET MAN,68.75
GB0031348658,Barclays Plc,35983,BARCLAYS BANK PLC,82.75862068965517
DE000BAY0017,Bayer AG,54,BAYER IP GMBH,100.0
DE000BAY0017,Bayer AG,761,BAYER AG,100.0
DE000BAY0017,Bayer AG,3448,BAYER SAS,100.0
DE000BAY0017,Bayer AG,18947,BAYER CORP,100.0
DE000BAY0017,Bayer AG,68019,BAYER INC,100.0
DE000BAY0017,Bayer AG,283278,BAYER S A,100.0
DE000BAY0017,Bayer AG,5640432,BAYER & CO KG E,70.58823529411764
DE0005190003,Bayerische Motoren Werke AG,165,BAYERISCHE MOTOREN WERKE AG,100.0
DE0005190003,Bayerische Motoren Werke AG,870296,BAYERSICHE MOTOREN WERKE AG,95.83333333333334
DE0005190003,Bayerische Motoren Werke AG,1231403,BAYERISCHE MOTOREN WERKE AG PATENTABTEILUNG,71.64179104477613
DE0005190003,Bayerische Motoren Werke AG,4924219,BAYERICHE MOTOREN WERKE AKTIEN,85.18518518518519
GB0000946276,Consort Medical Ltd.,39142,CONSORT MEDICAL PLC,88.23529411764706
GB0000946276,Consort Medical Ltd.,2052856,CONSORT MEDICAL PLC FORMERLY B,66.66666666666667
GB0000946276,Consort Medical Ltd.,3385767,CONSORT MEDICAL LTD,100.0
GB00BMHTQ051,Rexam Ltd.,2864475,REXAM INC,100.0
GB00BMHTQ051,Rexam Ltd.,7610381,REXAM AB,100.0
GB0002634946,BAE Systems Plc,5251,BAE SYSTEMS PLC,100.0
GB0002634946,BAE Systems Plc,2401903,BAE SYSTEMS LTD,84.61538461538461
GB0002634946,BAE Systems Plc,6875088,BAE SYSTEMS,84.61538461538461
GB0002634946,BAE Systems Plc,7659815,BAE SYSTEMS ELECTRONICS PLC,71.42857142857143
ES0177542018,International Consolidated Airlines Group SA,1194809,INT CONSOLIDATED AIRLINES GROUP,100.0
ES0177542018,International Consolidated Airlines Group SA,1673279,INT CONSOLIDATED AIRLINES GROUP S A,100.0
GB0007980591,BP Plc,5510,BP PLC,100.0
XS0301676861,Sky Ltd.,324086,SKY & LTD,100.0
XS0301676861,Sky Ltd.,6495541,SKY HOLDINGS COMPANY LLC,100.0
US1268302072,Cable & Wireless Ltd.,1315881,CABLE & WIRELESS PLC,87.5
US1268302072,Cable & Wireless Ltd.,1372738,CABLE & WIRELESS INTERNET SERV,66.66666666666667
US1268302072,Cable & Wireless Ltd.,5742286,CABLE & WIRELESS USA INC,100.0
GB00BDCPN049,Coca-Cola Europacific Partners Plc,3858,COCA COLA CO,41.860465116279066
GB00BDCPN049,Coca-Cola Europacific Partners Plc,287360,COCA COLA ENTERPRISES LIMITED,41.860465116279066
GB00BDCPN049,Coca-Cola Europacific Partners Plc,3883025,COCA COLA COMPANY LTD,41.860465116279066
GB00BDCPN049,Coca-Cola Europacific Partners Plc,4725548,COCA COLA ENTERPRISES INC,41.860465116279066
FR0013181864,CGG,8557,CGG SERVICES SA,40.0
FR0013181864,CGG,114357,CGG SERVICES SAS,40.0
FR0013181864,CGG,1121854,CGG VERITAS SERVICES U S INC,26.086956521739136
FR0013181864,CGG,1890269,CGG SERVICES,40.0
FR0013181864,CGG,2344108,CGG SERVICES NL B V,28.57142857142857
FR0013181864,CGG,2496585,CGG VERITAS SERVICES (U S ) INC,26.086956521739136
FR0013181864,CGG,2639228,CGG SERVICES U S INC,40.0
FR0013181864,CGG,2944613,CGG MARINE NORWAY AS,26.086956521739136
FR0013181864,CGG,4030613,CGG SERVICES NORWAY AS,24.0
FR0013181864,CGG,4316975,CGG SERVICES (U S ) INC,40.0
FR0013181864,CGG,6728444,CGG MARINE,46.15384615384615
FR0013181864,CGG,6792315,CGG JASON NETHERLANDS B V,22.22222222222222
DE0005439004,Continental AG,21394,CONTINENTAL AG,100.0
DE0005439004,Continental AG,122429,CONTINENTAL GROUP,100.0
FR0014003TT8,Dassault Systemes SA,30226,DASSAULT SYSTEMES,100.0
FR0014003TT8,Dassault Systemes SA,38909,DASSAULT SYSTEMES ENOVIA CORP,82.92682926829268
FR0014003TT8,Dassault Systemes SA,78202,Dassault Systèmes,94.11764705882352
FR0014003TT8,Dassault Systemes SA,86568,DASSAULT SYSTEMES SIMULIA CORP,80.95238095238095
FR0014003TT8,Dassault Systemes SA,235119,DASSAULT SYSTEMES AMERICAS CORP,79.06976744186046
FR0014003TT8,Dassault Systemes SA,275351,DASSAULT SYS SOLIDWORKS CORP,72.72727272727273
FR0014003TT8,Dassault Systemes SA,369244,DASSAULT SYSTEMES SOLIDWORKS,75.55555555555556
FR0014003TT8,Dassault Systemes SA,609217,DASSAULT SYSTEMS 3DEXCITE GMBH,76.19047619047619
FR0014003TT8,Dassault Systemes SA,1017786,DASSAULT SYSTEMES DELMIA CORP,82.92682926829268
FR0014003TT8,Dassault Systemes SA,2588126,DASSAULT SYSTEMES DEUTSCHLAND GMBH,73.91304347826086
FR0014003TT8,Dassault Systemes SA,2960855,DASSAULT SYSTEMS ENOVIA CORP,80.0
FR0014003TT8,Dassault Systemes SA,4390195,DASSAULT SYSTEMES 3DEXCITE GMBH,79.06976744186046
FR0014003TT8,Dassault Systemes SA,4636621,DASSAULT SYSTEMES SIMULIA GROUP,80.95238095238095
FR0014003TT8,Dassault Systemes SA,5017643,DASSAULT SYSTEMS 3DEXCITE CORP,76.19047619047619
FR0014003TT8,Dassault Systemes SA,6377833,DASSAULT SYS OF AMERICA,78.04878048780488
FR0014003TT8,Dassault Systemes SA,6795155,DASSAULT SYSTEMES GEOVIA INC,82.92682926829268
DE0005140008,Deutsche Bank AG,605299,DEUTSCHE BANK AG,100.0
DE0008232125,Deutsche Lufthansa AG,781018,DEUTSCHE LUFTHANSA,100.0
DE0005557508,Deutsche Telekom AG,2910,DEUTSCHE TELEKOM AG,100.0
DE0005557508,Deutsche Telekom AG,4373090,DEUTSCHE TELEKOM UK LTD,91.42857142857143
IT0003132476,Eni SpA,22041,ENI SPA,100.0
IT0003132476,Eni SpA,154375,ENI INC,100.0
IT0003132476,Eni SpA,2146123,ENI CO LTD,100.0
AT0000741053,EVN AG,2499467,EVN AG,100.0
AT0000741053,EVN AG,5139565,EVN EN VERSORGUNG NIEDEROESTER,17.647058823529417
SE0016589188,Electrolux AB,3552,ELECTROLUX HOME PROD CORP,58.82352941176471
SE0016589188,Electrolux AB,4295,Electrolux Appliances AB,64.51612903225806
SE0016589188,Electrolux AB,7111,ELECTROLUX AB,100.0
SE0016589188,Electrolux AB,12724,ELECTROLUX ZANUSSI ELETTRODOME,50.0
SE0016589188,Electrolux AB,15280,ELECTROLUX HOME PROD INC,58.82352941176471
SE0016589188,Electrolux AB,32490,ELECTROLUX DO BRASIL SA,66.66666666666667
SE0016589188,Electrolux AB,34443,ELECTROLUX PROFESSIONAL SPA,60.60606060606061
SE0016589188,Electrolux AB,36027,ELECTROLUX SARL,80.0
SE0016589188,Electrolux AB,57107,ELECTROLUX CORP,100.0
SE0016589188,Electrolux AB,58529,ELECTROLUX AG,100.0
SE0016589188,Electrolux AB,73049,ELECTROLUX HOME PRODUCTS CORP NV,54.054054054054056
SE0016589188,Electrolux AB,80989,ELECTROLUX LEISURE APPLIANCES,51.28205128205128
SE0016589188,Electrolux AB,99023,ELECTROLUX CONST AS,68.96551724137932
SE0016589188,Electrolux AB,102412,ELECTROLUX LAUNDRY SYSTEMS SWEDEN AB,46.51162790697675
SE0016589188,Electrolux AB,133832,ELECTROLUX HOME PRODUCTS N V,58.82352941176471
SE0016589188,Electrolux AB,155409,ELECTROLUX PROFESSIONAL LAUNDRY FRANCE,41.666666666666664
SE0016589188,Electrolux AB,165008,ELECTROLUX LAUNDRY SYSTEMS FRANCE,46.51162790697675
SE0016589188,Electrolux AB,191029,ELECTROLUX SYST BLANCHISSERIE,51.28205128205128
SE0016589188,Electrolux AB,201720,ELECTROLUX ZANUSSI GRANDI IMPI,50.0
SE0016589188,Electrolux AB,224162,ELECTROLUX CONST AB,76.92307692307692
SE0016589188,Electrolux AB,238155,ELECTROLUX HOME PRODUCTS ITALY,50.0
SE0016589188,Electrolux AB,278209,ELECTROLUX PROFESSIONAL GMBH,60.60606060606061
SE0016589188,Electrolux AB,294570,ELECTROLUX PROFESSIONNEL,58.82352941176471
SE0016589188,Electrolux AB,334675,ELECTROLUX ABP,83.33333333333334
SE0016589188,Electrolux AB,403177,ELECTROLUX OUTDOOR PROD LTD,54.054054054054056
SE0016589188,Electrolux AB,413934,ELECTROLUX EUROCLEAN ITALIA S,51.28205128205128
SE0016589188,Electrolux AB,418633,ELECTROLUX PROFESSIONEL SAS,60.60606060606061
SE0016589188,Electrolux AB,452045,ELECTROLUX HOME CARE PROD NA,47.61904761904761
SE0016589188,Electrolux AB,531915,ELECTROLUX THERMA GMBH,74.07407407407408
SE0016589188,Electrolux AB,567846,ELECTROLUX RES & INNOVATION,50.0
SE0016589188,Electrolux AB,634357,ELECTROLUX LAUNDRY SYSTEMS FRANCE SNC,42.553191489361694
SE0016589188,Electrolux AB,645153,ELECTROLUX PROFESSIONAL AB PUBL,48.78048780487805
SE0016589188,Electrolux AB,845103,ELECTROLUX NORTHERN,68.96551724137932
SE0016589188,Electrolux AB,902333,ELECTROLUX HOME PRODUCTS INC A,55.55555555555556
SE0016589188,Electrolux AB,927264,ELECTROLUX HOME CARE PRODUCTS INC,51.28205128205128
SE0016589188,Electrolux AB,932482,ELECTROLUX SIEGEN GMBH,74.07407407407408
SE0016589188,Electrolux AB,1001156,ELECTROLUX LTD,100.0
SE0016589188,Electrolux AB,1140582,ELECTROLUX HOME PRODUCTS PTY LTD,52.63157894736843
SE0016589188,Electrolux AB,1412583,ELECTROLUX OUTDOOR PRODUCTS,54.054054054054056
SE0016589188,Electrolux AB,1645369,ELECTROLUX ESPANA S A,74.07407407407408
SE0016589188,Electrolux AB,1790340,ELECTROLUX PROFESSIONAL AG,60.60606060606061
SE0016589188,Electrolux AB,2141315,ELECTROLUX MOTOR AB,76.92307692307692
SE0016589188,Electrolux AB,2176387,ELECTROLUX BAKING,74.07407407407408
SE0016589188,Electrolux AB,2289716,ELECTROLUX ROTHENBURG GMBH FACTORY AND DEV,39.21568627450981
SE0016589188,Electrolux AB,2464549,ELECTROLUX SCHWANDEN AG,66.66666666666667
SE0016589188,Electrolux AB,2644165,ELECTROLUX GMBH,100.0
SE0016589188,Electrolux AB,2978866,ELECTROLUX PROFESSIONAL OUTDOOR PRODUCTS INC,40.0
SE0016589188,Electrolux AB,3232335,ELECTROLUX HANGZHOU HOME APPLIANCES CO LTD,44.44444444444444
SE0016589188,Electrolux AB,3468864,ELECTROLUX HOUSEHOLD APPLIANCE,50.0
SE0016589188,Electrolux AB,3717505,ELECTROLUX HOME PROD CORP NV,54.054054054054056
SE0016589188,Electrolux AB,3796423,ELECTROLUX ZANUSSI VENDING S P,50.0
SE0016589188,Electrolux AB,4271655,ELECTROLUX WAESCHEREIMASCH,55.55555555555556
SE0016589188,Electrolux AB,4272803,ELECTROLUX GROUP PATENTS,100.0
SE0016589188,Electrolux AB,5238637,ELECTROLUX MECATRONIK AB,64.51612903225806
SE0016589188,Electrolux AB,5963639,ELECTROLUX DEUTSCHLAND GMBH,62.5
SE0016589188,Electrolux AB,6027795,ELECTROLUX BEDRIJFSKOELING B V,51.28205128205128
SE0016589188,Electrolux AB,6085805,ELECTROLUX CONST GMBH,76.92307692307692
SE0016589188,Electrolux AB,6910409,ELECTROLUX CHINA HOME APPLIANCE CO LTD,48.78048780487805
SE0016589188,Electrolux AB,6914854,ELECTROLUX (HANGZHOU) HOME APPLIANCES CO LTD,44.44444444444444
SE0016589188,Electrolux AB,6929837,ELECTROLUX CR SA,86.95652173913044
SE0016589188,Electrolux AB,6980228,ELECTROLUX APPARECCHI PER LA P,48.78048780487805
SE0016589188,Electrolux AB,7360185,ELECTROLUX MECATRONIC AKTIEBOL,50.0
SE0016589188,Electrolux AB,7546426,ELECTROLUX S A SOC,83.33333333333334
SE0000108656,Telefonaktiebolaget LM Ericsson,41,ERICSSON TELEFON AB L M,77.14285714285715
SE0000108656,Telefonaktiebolaget LM Ericsson,333,ERICSSON TELEFON AB L M (publ),72.97297297297297
SE0000108656,Telefonaktiebolaget LM Ericsson,2691,ERICSSON INC,58.18181818181818
SE0000108656,Telefonaktiebolaget LM Ericsson,3965,SONY ERICSSON MOBILE COMM AB,51.85185185185186
SE0000108656,Telefonaktiebolaget LM Ericsson,6246,ERICSSON GE MOBILE INC,67.6923076923077
SE0000108656,Telefonaktiebolaget LM Ericsson,6852,SONY ERICSSON MOBILE COMM JP,52.38095238095239
SE0000108656,Telefonaktiebolaget LM Ericsson,15199,ST ERICSSON SA,62.06896551724138
SE0000108656,Telefonaktiebolaget LM Ericsson,16967,HEDMAN ERICSSON PATENT AB,58.06451612903225
SE0000108656,Telefonaktiebolaget LM Ericsson,21497,ST ERICSSON SA ST ERICSSON LTD,56.41025641025641
SE0000108656,Telefonaktiebolaget LM Ericsson,27040,ST ERICSSON BELGIUM NV,55.072463768115945
SE0000108656,Telefonaktiebolaget LM Ericsson,34829,ERICSSON AB,58.18181818181818
SE0000108656,Telefonaktiebolaget LM Ericsson,43587,ERICSSON TORBJOERN,67.6923076923077
SE0000108656,Telefonaktiebolaget LM Ericsson,131472,St ericsson semiconductor beijing co ltd,57.49999999999999
SE0000108656,Telefonaktiebolaget LM Ericsson,166222,ERICSSON PAGING SYSTEMS,60.0
SE0000108656,Telefonaktiebolaget LM Ericsson,167461,ANACONDA ERICSSON INC,50.0
SE0000108656,Telefonaktiebolaget LM Ericsson,175432,ERICSSON FRANCE,54.83870967741935
SE0000108656,Telefonaktiebolaget LM Ericsson,179187,ST ERICSSON FRANCE SAS,58.46153846153845
SE0000108656,Telefonaktiebolaget LM Ericsson,202028,ERICSSON TELEVISION INC,69.6969696969697
SE0000108656,Telefonaktiebolaget LM Ericsson,208759,ERICSSON RAYNET,64.51612903225806
SE0000108656,Telefonaktiebolaget LM Ericsson,209133,ERICSSON AHEAD COMM SYSTEMS GM,47.42268041237113
SE0000108656,Telefonaktiebolaget LM Ericsson,224987,ERICSSON TELECOMUNICACOES SA,72.22222222222221
SE0000108656,Telefonaktiebolaget LM Ericsson,225284,ST ERICSSON GRENOBLE SAS,59.70149253731343
SE0000108656,Telefonaktiebolaget LM Ericsson,226652,ERICSSON LG ENTPR CO LTD,63.888888888888886
SE0000108656,Telefonaktiebolaget LM Ericsson,275311,SONY ERICSSON MOBILE COMMUNICATIONS AB,51.21951219512195
SE0000108656,Telefonaktiebolaget LM Ericsson,335040,ERICSSON L M OY,68.85245901639344
SE0000108656,Telefonaktiebolaget LM Ericsson,357190,ERICSSON GE MOBILE COMMUNICAT,57.89473684210527
SE0000108656,Telefonaktiebolaget LM Ericsson,366587,ST ERICSSON AB,62.06896551724138
SE0000108656,Telefonaktiebolaget LM Ericsson,367354,ST ERICSSON INDIA PVT LTD,58.82352941176471
SE0000108656,Telefonaktiebolaget LM Ericsson,418325,ERICSSON TELECOMMUNICATIE BV,72.0
SE0000108656,Telefonaktiebolaget LM Ericsson,419719,ERICSSON RADIO SYSTEMS BV,58.33333333333333
SE0000108656,Telefonaktiebolaget LM Ericsson,422483,ERICSSON SVENNING,65.625
SE0000108656,Telefonaktiebolaget LM Ericsson,454725,ERICSSON MODEMS SA,61.29032258064516
SE0000108656,Telefonaktiebolaget LM Ericsson,507470,ERICSSON AUSTRIA AG,50.79365079365079
SE0000108656,Telefonaktiebolaget LM Ericsson,521772,ST ERICSSON SA EN LIQUIDATION,54.794520547945204
SE0000108656,Telefonaktiebolaget LM Ericsson,570538,ERICSSON AU PTY LTD,58.06451612903225
SE0000108656,Telefonaktiebolaget LM Ericsson,712299,ERICSSON TECHNOLOGY LICENSING,63.33333333333333
SE0000108656,Telefonaktiebolaget LM Ericsson,714341,ST-ERICSSON SA,62.06896551724138
SE0000108656,Telefonaktiebolaget LM Ericsson,727769,SAAB ERICSSON SPACE AB,63.63636363636363
SE0000108656,Telefonaktiebolaget LM Ericsson,742004,ERICSSON LG CO LTD,69.6969696969697
SE0000108656,Telefonaktiebolaget LM Ericsson,854659,ERICSSON CHINA COMM CO LTD,42.666666666666664
SE0000108656,Telefonaktiebolaget LM Ericsson,882965,ERICSSON HANS BIRGER,50.0
SE0000108656,Telefonaktiebolaget LM Ericsson,929872,ERICSSON RAYNET A DELAWARE GEN,54.32098765432099
SE0000108656,Telefonaktiebolaget LM Ericsson,954190,ERICSSON IT SOLUTIONS & SERVICES SAS,62.33766233766234
SE0000108656,Telefonaktiebolaget LM Ericsson,1118644,FOLKE ERICSSON ING FA,52.94117647058824
SE0000108656,Telefonaktiebolaget LM Ericsson,1123955,ERICSSON WIFI INC,63.33333333333333
SE0000108656,Telefonaktiebolaget LM Ericsson,1154118,ST-ERICSSON SEMICONDUCTOR (BEIJING) CO LTD,57.49999999999999
SE0000108656,Telefonaktiebolaget LM Ericsson,1196565,ERICSSON TELECOM AB,69.84126984126983
SE0000108656,Telefonaktiebolaget LM Ericsson,1234621,ERICSSON BUSINESS MOBILE NETWO,57.14285714285714
SE0000108656,Telefonaktiebolaget LM Ericsson,1327952,ERICSSON PETER,64.51612903225806
SE0000108656,Telefonaktiebolaget LM Ericsson,1400950,LM ERICSSON LTD,65.51724137931035
SE0000108656,Telefonaktiebolaget LM Ericsson,1419954,ERICSSON AS,55.172413793103445
SE0000108656,Telefonaktiebolaget LM Ericsson,1435119,ERICSSON ROGER,64.51612903225806
SE0000108656,Telefonaktiebolaget LM Ericsson,1553658,L M ERICSSON LTD,65.51724137931035
SE0000108656,Telefonaktiebolaget LM Ericsson,1556101,ERICSSON GMBH,58.18181818181818
SE0000108656,Telefonaktiebolaget LM Ericsson,1763434,ERICSSON TELECOMUNICAÇOES S A,72.22222222222221
SE0000108656,Telefonaktiebolaget LM Ericsson,1797768,ERICSSON CHINA COMMUNICATIONS CO LTD,42.10526315789473
SE0000108656,Telefonaktiebolaget LM Ericsson,1994857,ERICSSON INVENTION IRELAND,52.05479452054795
SE0000108656,Telefonaktiebolaget LM Ericsson,2125671,ERICSSON HAKAN,55.73770491803278
SE0000108656,Telefonaktiebolaget LM Ericsson,2138756,ASCOM ERICSSON TRANSMISSION AG,56.75675675675676
SE0000108656,Telefonaktiebolaget LM Ericsson,2219999,ERICSSON RADIO SYSTEMS AB,60.86956521739131
SE0000108656,Telefonaktiebolaget LM Ericsson,2279608,ERICSSON INC A DELAWARE CORP,48.484848484848484
SE0000108656,Telefonaktiebolaget LM Ericsson,2597345,SONY ERICSSON MOBILE COMM,51.85185185185186
SE0000108656,Telefonaktiebolaget LM Ericsson,2657505,ERICSSON AUSTRIA GMBH,50.79365079365079
SE0000108656,Telefonaktiebolaget LM Ericsson,2743360,ERICSSON SOFTWARE TECH AB,63.76811594202898
SE0000108656,Telefonaktiebolaget LM Ericsson,3083828,GIVENT ROGER ERICSSON AB,60.86956521739131
SE0000108656,Telefonaktiebolaget LM Ericsson,3163152,ERICSSON MOBILE PLATFORMS AB,63.888888888888886
SE0000108656,Telefonaktiebolaget LM Ericsson,3353857,ST-ERICSSON (GRENOBLE) SAS,59.70149253731343
SE0000108656,Telefonaktiebolaget LM Ericsson,3577512,ERICSSON TRAFFIC SYSTEMS,59.154929577464785
SE0000108656,Telefonaktiebolaget LM Ericsson,3729007,ERICSSON MOBILE COMMUNICATIONS,54.54545454545454
SE0000108656,Telefonaktiebolaget LM Ericsson,3870245,ERICSTAM & ERICSSON,56.25
SE0000108656,Telefonaktiebolaget LM Ericsson,3885075,ERICSSON TELECOMUNICAÇ ES S A,72.22222222222221
SE0000108656,Telefonaktiebolaget LM Ericsson,3965615,ERICSSON LTD,58.18181818181818
SE0000108656,Telefonaktiebolaget LM Ericsson,4559798,ERICSSON OMC LIMITED,61.01694915254237
SE0000108656,Telefonaktiebolaget LM Ericsson,4623327,ERICSSON TELECOMUNICA ES S A,73.23943661971832
SE0000108656,Telefonaktiebolaget LM Ericsson,4686380,ERICSSON HUNGARY LTD,53.968253968253975
SE0000108656,Telefonaktiebolaget LM Ericsson,5268611,ERICSSON ROLF,63.33333333333333
SE0000108656,Telefonaktiebolaget LM Ericsson,5351095,ERICSSON-LG CO LTD,69.6969696969697
SE0000108656,Telefonaktiebolaget LM Ericsson,5394501,ST-ERICSSON INDIA PVT LTD,58.82352941176471
SE0000108656,Telefonaktiebolaget LM Ericsson,6021306,ERICSSON ENTPR GMBH,52.459016393442624
SE0000108656,Telefonaktiebolaget LM Ericsson,6198939,ERICSSON AB EAB,51.61290322580645
SE0000108656,Telefonaktiebolaget LM Ericsson,6233423,ERICSSON L M PTY LTD,67.74193548387098
SE0000108656,Telefonaktiebolaget LM Ericsson,6652073,TEELFONAKTIEBOLAGET L M ERICSS,82.35294117647058
SE0000108656,Telefonaktiebolaget LM Ericsson,7536659,LM ERICSSON LIMITED,65.51724137931035
DE0005785802,Fresenius Medical Care AG & Co. KGaA,7317,FRESENIUS MEDICAL CARE HOLDINGS INC,84.61538461538461
DE0005785802,Fresenius Medical Care AG & Co. KGaA,14383,FRESENIUS MEDICAL CARE DE GMBH,80.0
DE0005785802,Fresenius Medical Care AG & Co. KGaA,29040,FRESENIUS MEDICAL CARE DEUTSCHLAND GMBH,68.75
DE0005785802,Fresenius Medical Care AG & Co. KGaA,847652,FRESENIUS MEDICAL DEUTSCHLAND,67.79661016949152
DE0005785802,Fresenius Medical Care AG & Co. KGaA,2074750,FRESENIUS MEDICAL CARE GMBH,84.61538461538461
DE0005785802,Fresenius Medical Care AG & Co. KGaA,2267543,FRESENIUS MEDICAL CARE,84.61538461538461
DE0005785802,Fresenius Medical Care AG & Co. KGaA,4273023,FRESENIUS MEDICAL CARE NORTH A,80.0
DE0005785802,Fresenius Medical Care AG & Co. KGaA,4513129,FRESENIUS MEDICAL CARE AFFINA,81.35593220338984
DE0005785802,Fresenius Medical Care AG & Co. KGaA,6271708,FRESENIUS MEDICAL CARE AG & CO KGAA,100.0
FR0000120644,Danone SA,499416,DANONE GMBH,100.0
FR0000120644,Danone SA,553946,DANONE SA,100.0
FR0000120644,Danone SA,1278368,DANONE,100.0
GB0002374006,Diageo Plc,2092628,DIAGEO PLC,100.0
GB0005405286,HSBC Holdings Plc,2666745,HSBC HOLDINGS PLC,100.0
FI0009000459,Huhtamaki Oyj,102744,HUHTAMAEKI OYJ,96.2962962962963
NL0011821202,ING Groep NV,1042755,ING GROEP NV,100.0
NL0011821202,ING Groep NV,4587555,GROEP N V ING,100.0
IT0001465159,Italcementi SpA,95319,ITALCEMENTI SPA,100.0
FI0009004824,Kemira Oyj,12985,KEMIRA OYJ,100.0
FI0009004824,Kemira Oyj,81446,KEMIRA GROWHOW OYJ,71.42857142857143
NL0000395317,Wessanen BV,6624225,WESSANEN MENGVOEDERS BV,64.70588235294117
FR0000120321,L'Oreal SA,1638575,L'OREAL S A,100.0
US505861AC85,Lafarge SA,47474,LAFARGE SA,100.0
US505861AC85,Lafarge SA,2320993,LAFARGE CORP,100.0
FR0000130213,Lagardere SA,7753845,LAGARDERE LTD,100.0
GB0031274896,Marks & Spencer Group Plc,1984063,MARKS SPENCER PLC,100.0
AT0000938204,Mayr-Melnhof Karton AG,91924,MAYR MELNHOF KARTON AG,100.0
HU0000153937,MOL Hungarian Oil & Gas Plc,1262953,MOL HUNGARIAN OIL AND GAS CO,91.30434782608697
HU0000153937,MOL Hungarian Oil & Gas Plc,5489059,MOL HUNGARIAN OIL AND GAS PLC 55%,94.33962264150944
GB00BDR05C01,National Grid Plc,375106,NAT GRID COMPANY PLC,100.0
FI0009000681,Nokia Oyj,24,NOKIA CORP,86.66666666666667
FI0009000681,Nokia Oyj,117,NOKIA SOLUTIONS & NETWORKS OY,61.53846153846154
FI0009000681,Nokia Oyj,248,NOKIA TECHNOLOGIES OY,84.21052631578947
FI0009000681,Nokia Oyj,3346,NOKIA SOLUTIONS & NETWORKS GMBH & CO KG,57.692307692307686
FI0009000681,Nokia Oyj,3734,NOKIA SIEMENS NETWORKS SPA,50.90909090909091
FI0009000681,Nokia Oyj,4049,NOKIA SIEMENS NETWORKS OY,55.172413793103445
FI0009000681,Nokia Oyj,5117,NOKIA NETWORKS OY,76.19047619047619
FI0009000681,Nokia Oyj,5652,NOKIA SIEMENS NETWORKS GMBH,50.90909090909091
FI0009000681,Nokia Oyj,6230,NOKIA MOBILE PHONES LTD,68.18181818181819
FI0009000681,Nokia Oyj,8514,NOKIA SOLUTIONS AND NETWORKS MAN INTERNAT GMBH,44.776119402985074
FI0009000681,Nokia Oyj,15535,NOKIA UNTERHALTUNGSELEKTRONIK,55.55555555555556
FI0009000681,Nokia Oyj,16451,NOKIA AMERICA CORP,68.42105263157895
FI0009000681,Nokia Oyj,20710,NOKIA TELECOMMUNICATIONS OY,61.53846153846154
FI0009000681,Nokia Oyj,23263,NOKIA SHANGHAI BELL CO LTD,63.63636363636363
FI0009000681,Nokia Oyj,26656,GRAETZ NOKIA GMBH,70.27027027027026
FI0009000681,Nokia Oyj,40681,NOKIA TECHNOLOGY GMBH,80.0
FI0009000681,Nokia Oyj,56943,NOKIA INC,86.66666666666667
FI0009000681,Nokia Oyj,118173,NOKIA MOBIRA OY,80.0
FI0009000681,Nokia Oyj,132518,MAILLEFER NOKIA OY,72.72727272727273
FI0009000681,Nokia Oyj,134013,NOKIA SOLUTIONS AND NETWORKS MAN INT GMBH,44.776119402985074
FI0009000681,Nokia Oyj,143348,NOKIA OY AB,96.96969696969697
FI0009000681,Nokia Oyj,151009,NOKIA MULTIMEDIA TERMINALS OY,59.25925925925925
FI0009000681,Nokia Oyj,174834,NOKIA MOBILE PHONES UK,63.829787234042556
FI0009000681,Nokia Oyj,195284,NOKIA DISPLAY PRODUCTS OY,64.0
FI0009000681,Nokia Oyj,210510,NOKIA UK LTD,84.84848484848484
FI0009000681,Nokia Oyj,227744,NOKIA CONSUMER ELECTRONICS FRA,46.42857142857143
FI0009000681,Nokia Oyj,268914,NOKIA DEUTSCHLAND GMBH,61.904761904761905
FI0009000681,Nokia Oyj,269186,MAILLEFER NOKIA SA,63.41463414634146
FI0009000681,Nokia Oyj,375974,MAILLEFER NOKIA HOLDING,63.41463414634146
FI0009000681,Nokia Oyj,394769,SCANINTER NOKIA LTD OY,72.72727272727273
FI0009000681,Nokia Oyj,649299,NOKIA MOBILE DEVELOPMENTS LTD,52.0
FI0009000681,Nokia Oyj,706979,NOKIA TECHNOLOGY OY,84.21052631578947
FI0009000681,Nokia Oyj,717535,NOKIA HIGH SPEED ACCESS PRODUCTS INC,52.63157894736843
FI0009000681,Nokia Oyj,968282,NOKIA ALUMIINI OY,76.19047619047619
FI0009000681,Nokia Oyj,1089555,NOKIA OYJ,100.0
FI0009000681,Nokia Oyj,1105382,NOKIA KONDENSAATTORIT OY,65.3061224489796
FI0009000681,Nokia Oyj,1132546,NOKIA SOLUTIONS AND NETWORKS SYSTEM TECH BEIJING CO LTD,46.37681159420289
FI0009000681,Nokia Oyj,1297241,NOKIA TECH LTD,80.0
FI0009000681,Nokia Oyj,1840093,NOKIA COMM OY,68.08510638297872
FI0009000681,Nokia Oyj,1844522,NOKIA WIRELESS ROUTERS INC,63.829787234042556
FI0009000681,Nokia Oyj,1883016,NOKIA MECHATRONICS GMBH,60.46511627906976
FI0009000681,Nokia Oyj,1941366,NOKIA SATELLITE SYSTEMS AB,62.5
FI0009000681,Nokia Oyj,2066140,NOKIA SOLUTIONS AND NETWORKS SP Z O O,52.63157894736843
FI0009000681,Nokia Oyj,2125603,NOKIA SIEMENS NETWORKS SCHWEIZ,44.44444444444444
FI0009000681,Nokia Oyj,2138784,NOKIA CONSUMER ELECTRONICS LTD,50.0
FI0009000681,Nokia Oyj,2179275,NOKIA IP INC,86.66666666666667
FI0009000681,Nokia Oyj,2455863,NOKIA INTELLIGENT EDGE ROUTERS,54.54545454545454
FI0009000681,Nokia Oyj,2653003,NOKIA SIEMENS NETWORKS ASSET M,44.44444444444444
FI0009000681,Nokia Oyj,3003611,NOKIA INTERNET COMM INC,49.056603773584904
FI0009000681,Nokia Oyj,3020985,NOKIA DATA SYSTEMS,69.76744186046511
FI0009000681,Nokia Oyj,3326632,NOKIA SIEMENS NETWORKS,50.90909090909091
FI0009000681,Nokia Oyj,4436248,NOKIA MULTIMEDIA NETWORK TERMINALS OY,50.79365079365079
FI0009000681,Nokia Oyj,4696158,NOKIA SIEMENS NETWORKS ITALIA S P A,41.7910447761194
FI0009000681,Nokia Oyj,4846871,NOKIA SIEMENS NETWORK OY,55.172413793103445
FI0009000681,Nokia Oyj,4848247,NOKIA SOLUTIONS AND NETWORKS MAN INTERNATIONAL GMBH,44.776119402985074
FI0009000681,Nokia Oyj,5558905,NOKIA JAPAN CO LTD,72.22222222222221
FI0009000681,Nokia Oyj,6181819,NOKIA SIEMENS NETWORKS ETHERNET SOLUTIONS LTD,40.54054054054054
FI0009000681,Nokia Oyj,6324444,NOKIA SOLUTIONS AND NETWORKS ITALIA S P A,49.18032786885246
FI0009000681,Nokia Oyj,6820593,NOKIA TECH FRANCE,66.66666666666667
FI0009000681,Nokia Oyj,7612460,NOKIA AUDIO & ELECTRONICS AB,54.16666666666667
DK0060534915,Novo Nordisk A/S,4816,NOVO NORDISK AS,90.32258064516128
IT0003497168,Telecom Italia SpA,5752,TELECOM ITALIA SPA,100.0
IT0003497168,Telecom Italia SpA,22739,TELECOM ITALIA LAB SPA,68.29268292682926
IT0003497168,Telecom Italia SpA,993179,TELECOM ITALIA MOBILE SPA,80.0
DE0006916604,Pfeiffer Vacuum Technology AG,25543,PFEIFFER VACUUM GMBH,86.48648648648648
DE0006916604,Pfeiffer Vacuum Technology AG,72301,PFEIFFER VACUUM TECH AG,100.0
DE0006916604,Pfeiffer Vacuum Technology AG,346077,PFEIFFER VACUUM,86.48648648648648
DE0006916604,Pfeiffer Vacuum Technology AG,3428108,PFEIFFER VACUUM SYSTEMS GMBH,84.44444444444444
DE0006916604,Pfeiffer Vacuum Technology AG,6206026,PFEIFFER VACUUM SYSTEMS INTERN,73.07692307692308
DE0006916604,Pfeiffer Vacuum Technology AG,7371961,PFEIFFER VACUUM COMPONENTS & SOLUTIONS GMBH,62.06896551724138
NL0000009538,Koninklijke Philips NV,303,KONINKLIJKE PHILIPS NV,100.0
GB0003318416,Premier Farnell Ltd.,1866880,PREMIER FARNELL UK LTD,91.42857142857143
GB0003318416,Premier Farnell Ltd.,2234188,PREMIER FARNELL PLC,88.88888888888889
DE0007037129,RWE AG,95939,RWE AG,100.0
GB00B01C3S32,Barrick Gold (Holdings) Ltd.,352803,BARRICK GOLD CORP,100.0
FR0000131906,Renault SA,528,RENAULT SAS,100.0
FR0000131906,Renault SA,2385,RENAULT,100.0
FR0000131906,Renault SA,3504,RENAULT SA,100.0
GB00B082RF11,Rentokil Initial Plc,5475,RENTOKIL INITIAL PLC,100.0
GB00B082RF11,Rentokil Initial Plc,660416,RENTOKIL INITIAL 1927 PLC,88.88888888888889
GB00B082RF11,Rentokil Initial Plc,775228,RENTOKIL INITIAL U K LTD,82.05128205128204
GB00B082RF11,Rentokil Initial Plc,1171465,Rentokil Initial,88.88888888888889
GB00B082RF11,Rentokil Initial Plc,6919510,RENTOKIL INITIAL U K LIMITED,82.05128205128204
ES0173516115,Repsol SA,23266,REPSOL SA,100.0
GB00B63H8491,Rolls-Royce Holdings Plc,1613,ROLLS ROYCE PLC,100.0
GB00B63H8491,Rolls-Royce Holdings Plc,24870,ROLLS ROYCE,84.61538461538461
GB00B63H8491,Rolls-Royce Holdings Plc,25104,ROLLS ROYCE CORP,84.61538461538461
GB00B63H8491,Rolls-Royce Holdings Plc,118054,ROLLS ROYCE POWER ENG PLC,73.17073170731707
GB00B63H8491,Rolls-Royce Holdings Plc,227649,ROLLS-ROYCE POWER ENG PLC,73.17073170731707
GB00B63H8491,Rolls-Royce Holdings Plc,365853,ROLLS ROYCE AB,84.61538461538461
GB00B63H8491,Rolls-Royce Holdings Plc,518507,ROLLS-ROYCE AB,84.61538461538461
GB00B63H8491,Rolls-Royce Holdings Plc,2073568,ROLLS ROYCE CORP LTD,84.61538461538461
DE0007235301,SGL Carbon SE,3049,SGL CARBON SE,100.0
DE0007235301,SGL Carbon SE,18149,SGL CARBON AG,86.95652173913044
DE0007235301,SGL Carbon SE,1517515,SGL CARBON GMBH & CO,86.95652173913044
DE0007235301,SGL Carbon SE,1871391,SGL CARBON COMPOSITES INC,76.47058823529412
DE0007235301,SGL Carbon SE,6014633,SGL CARBON S A,86.95652173913044
SE0000108227,SKF AB,57,SKF PUBL AB,54.54545454545454
SE0000108227,SKF AB,2540,SKF AB,100.0
SE0000108227,SKF AB,5250,SKF FRANCE,46.15384615384615
SE0000108227,SKF AB,18683,SKF ENG & RES CENTRE BV,20.68965517241379
SE0000108227,SKF AB,34531,SKF IND SPA,35.29411764705882
SE0000108227,SKF AB,45130,SKF USA INC,100.0
SE0000108227,SKF AB,45317,SKF NOVA AB,54.54545454545454
SE0000108227,SKF AB,80894,SKF IND TRADING & DEV,16.216216216216218
SE0000108227,SKF AB,81076,SKF GMBH,100.0
SE0000108227,SKF AB,129053,SKF AEROSPACE FRANCE,26.086956521739136
SE0000108227,SKF AB,132879,SKF LUBRICATION SYSTEMS GERMANY,17.647058823529417
SE0000108227,SKF AB,158116,SKF MARINE GMBH,46.15384615384615
SE0000108227,SKF AB,227434,SKF MAGNETIC MECHATRONICS,21.42857142857143
SE0000108227,SKF AB,302467,SKF AEROENGINE FRANCE,25.0
SE0000108227,SKF AB,350078,SKF ENGINEERING AND RESEARCH C,20.68965517241379
SE0000108227,SKF AB,470554,SKF BLOHM & VOSS IND GMBH,21.42857142857143
SE0000108227,SKF AB,484222,SKF AUTOBALANCE SYSTEMS AB,23.076923076923073
SE0000108227,SKF AB,485206,SKF TRANSPORTWIELEN BV,24.0
SE0000108227,SKF AB,489738,SKF MEKANPRODUKTER AB,27.27272727272727
SE0000108227,SKF AB,592960,SKF UK LTD,66.66666666666667
SE0000108227,SKF AB,611390,SKF MAINTENANCE PRODUCTS BV,19.999999999999996
SE0000108227,SKF AB,700659,SKF MAGNETIC MECHATRONICS S A S,19.999999999999996
SE0000108227,SKF AB,711263,SKF BLOHM + VOSS IND GMBH,21.42857142857143
SE0000108227,SKF AB,1125650,SKF SAARBRUECKER KAROSSERIE,19.354838709677423
SE0000108227,SKF AB,1183272,SKF TEXTILMASCH KOMPONENTEN,19.999999999999996
SE0000108227,SKF AB,1192476,SKF NEDERLAND BV,31.57894736842105
SE0000108227,SKF AB,1352903,SKF LINEARSYSTEME GMBH,30.000000000000004
SE0000108227,SKF AB,1607656,SKF CONDITION MONITORING INC,22.22222222222222
SE0000108227,SKF AB,1635478,SKF RECONDOIL AB,37.5
SE0000108227,SKF AB,1676087,SKF JAPAN LTD,50.0
SE0000108227,SKF AB,1791688,SKF SEALING SOLUTIONS KOREA CO LTD,19.999999999999996
SE0000108227,SKF AB,2147178,SKF SOUTH AFRICA,31.57894736842105
SE0000108227,SKF AB,2211233,SKF KUGELLAGERFABRIKEN GMBH,24.0
SE0000108227,SKF AB,2410674,SKF IND INC,35.29411764705882
SE0000108227,SKF AB,2866324,SKF SPECIALTY PRODUCT AB,24.0
SE0000108227,SKF AB,3357525,SKF CANADA LTD,46.15384615384615
SE0000108227,SKF AB,3513585,SKF MOTION TECH AB,33.333333333333336
SE0000108227,SKF AB,3625991,SKF LUBRICATION SYSTEMS FRANCE,18.181818181818176
SE0000108227,SKF AB,3627696,S K F IND TRADING & DEV COMPAN,13.636363636363635
SE0000108227,SKF AB,3759384,SKF LUBRICATION SYSTEMS GERMAN,18.181818181818176
SE0000108227,SKF AB,4236337,SKF AEROSPACE FRANCE SAS,26.086956521739136
SE0000108227,SKF AB,5980773,SKF TOOLS AB,50.0
SE0000108227,SKF AB,6282564,SKF STEEL HOFORS AB,31.57894736842105
SE0000108227,SKF AB,6775632,SKF SEALING SOLUTIONS GMBH,25.0
SE0000108227,SKF AB,7097057,SKF & CIE FINANC IMMOBIL,24.0
SE0000108227,SKF AB,7360406,SKF DANFOTECH A S,30.000000000000004
SE0000108227,SKF AB,7531968,SKF GROUP HEADQUATERS AB,33.333333333333336
SE0000108227,SKF AB,7748284,SKF BLOHM VOSS IND GMBH,21.42857142857143
SE0000667891,Sandvik Aktiebolag,453,SANDVIK INTELLECTUAL PROPERTY,56.00000000000001
SE0000667891,Sandvik Aktiebolag,3029,SANDVIK AB,56.00000000000001
DE0007164600,SAP SE,6783,SAP SE,100.0
DE0007236101,Siemens AG,6,SIEMENS AG,100.0
DE0007236101,Siemens AG,95,SIEMENS HEALTHCARE DIAGNOSTICS,56.60377358490566
DE0007236101,Siemens AG,920,SIEMENS HEALTHCARE DIAGNOSTICS INC,56.60377358490566
DE0007236101,Siemens AG,1216,SIEMENS GAMESA RENEWABLE ENERGY AS,52.63157894736843
DE0007236101,Siemens AG,1345,SIEMENS LTD CHINA,83.33333333333334
DE0007236101,Siemens AG,1475,SIEMENS ENERGY GLOBAL GMBH & CO KG,55.55555555555556
DE0007236101,Siemens AG,1599,SIEMENS AUDIOLOGISCHE TECHNIK,57.692307692307686
DE0007236101,Siemens AG,1642,BSH BOSCH & SIEMENS HAUSGERAETE GMBH,57.692307692307686
DE0007236101,Siemens AG,2457,SIEMENS INF & COMM NETWORKS,52.63157894736843
DE0007236101,Siemens AG,2582,SIEMENS AUTOMOTIVE CORP LP,73.17073170731707
DE0007236101,Siemens AG,2616,SIEMENS METERING LTD,76.92307692307692
DE0007236101,Siemens AG,2698,BSH BOSCH SIEMENS HAUSGERAETE,57.692307692307686
DE0007236101,Siemens AG,2721,SIEMENS ELEMA AB,83.33333333333334
DE0007236101,Siemens AG,3092,SIEMENS VDO AUTOMOTIVE CORP,66.66666666666667
DE0007236101,Siemens AG,3109,SIEMENS VDO AUTOMOTIVE SAS,66.66666666666667
DE0007236101,Siemens AG,3716,SIEMENS ENERGY INC,81.08108108108108
DE0007236101,Siemens AG,3887,SIEMENS MEDICAL INSTR PTE LTD,62.5
DE0007236101,Siemens AG,4309,SIEMENS CORP,100.0
DE0007236101,Siemens AG,4393,SIEMENS HEALTHCARE GMBH,73.17073170731707
DE0007236101,Siemens AG,4626,Siemens Mobility GmbH,76.92307692307692
DE0007236101,Siemens AG,4989,SIEMENS NIXDORF INF SYST,63.829787234042556
DE0007236101,Siemens AG,5247,SIEMENS MOBILE COMM SPA,58.82352941176471
DE0007236101,Siemens AG,5543,SIEMENS SCHWEIZ AG,78.94736842105263
DE0007236101,Siemens AG,5623,SIEMENS ENTPR COMMUNICATIONS,58.82352941176471
DE0007236101,Siemens AG,6120,SIEMENS AG OESTERREICH,66.66666666666667
DE0007236101,Siemens AG,6490,SIEMENS WATER TECH HOLDG CORP,62.5
DE0007236101,Siemens AG,6816,VALEO SIEMENS EAUTOMOTIVE FRANCE SAS,54.54545454545454
DE0007236101,Siemens AG,8272,BOSCH SIEMENS HAUSGERAETE,62.5
DE0007236101,Siemens AG,10821,SIEMENS WATER TECH CORP,71.42857142857143
DE0007236101,Siemens AG,11189,SIEMENS BUILDING TECH AG,68.18181818181819
DE0007236101,Siemens AG,12221,SIEMENS NETWORKS GMBH & CO KG,71.42857142857143
DE0007236101,Siemens AG,12333,SIEMENS INDUSTRY INC,73.17073170731707
DE0007236101,Siemens AG,15339,SIEMENS CORP RES INC,76.92307692307692
DE0007236101,Siemens AG,15392,SIEMENS CANADA LTD,81.08108108108108
DE0007236101,Siemens AG,16139,SIEMENS PRODUCT LIFECYCLE MAN SOFTWARE INC,48.38709677419355
DE0007236101,Siemens AG,20236,SIEMENS MOBILITY LTD,76.92307692307692
DE0007236101,Siemens AG,20851,SIEMENS AUTOMOTIVE SA,73.17073170731707
DE0007236101,Siemens AG,20915,VOITH SIEMENS HYDRO POWER,61.224489795918366
DE0007236101,Siemens AG,21184,SIEMENS HOME & OFFICE COMM,53.57142857142857
DE0007236101,Siemens AG,22188,SIEMENS ELECT ASSEMBLY SYSTEMS,50.847457627118644
DE0007236101,Siemens AG,22924,SIEMENS CONCENTRATED SOLAR POWER LTD,53.57142857142857
DE0007236101,Siemens AG,25391,FUJITSU SIEMENS COMPUTERS GMBH,62.5
DE0007236101,Siemens AG,29165,SIEMENS WESTINGHOUSE POWER,60.0
DE0007236101,Siemens AG,29292,SIEMENS SGP VERKEHRSTECH GMBH,63.829787234042556
DE0007236101,Siemens AG,29977,SIEMENS POWER GENERATION INC,62.5
DE0007236101,Siemens AG,30298,SIEMENS MEDICAL SOLUTIONS,62.5
DE0007236101,Siemens AG,32403,SIEMENS MOBILITY AG,76.92307692307692
DE0007236101,Siemens AG,35659,SIEMENS HEALTHINEERS INT AG,52.63157894736843
DE0007236101,Siemens AG,36281,SIEMENS ST & D METER DIVISION,58.82352941176471
DE0007236101,Siemens AG,37329,SIEMENS VAI METALS TECH SAS,65.21739130434783
DE0007236101,Siemens AG,38978,SIEMENS MOBILITY AUSTRIA GMBH,63.829787234042556
DE0007236101,Siemens AG,42028,SIEMENS MEASUREMENTS LTD,69.76744186046511
DE0007236101,Siemens AG,43738,VALEO SIEMENS EAUTOMOTIVE GERMANY GMBH,53.57142857142857
DE0007236101,Siemens AG,46601,Siemens Gamesa Renewable Energy Innovation & Technology SL,41.0958904109589
DE0007236101,Siemens AG,48421,SIEMENS MEDICAL SOLUTIONS USA INC,62.5
DE0007236101,Siemens AG,48699,SIEMENS GAMESA RENEWABLE ENERGY INC,55.55555555555556
DE0007236101,Siemens AG,49874,SIEMENS SA,100.0
DE0007236101,Siemens AG,49912,SIEMENS DUEWAG GMBH,81.08108108108108
DE0007236101,Siemens AG,50684,SIEMENS TRANSPORTATION SYSTEMS,56.60377358490566
DE0007236101,Siemens AG,52072,SIEMENS ROLM COMM INC,61.224489795918366
DE0007236101,Siemens AG,52132,SIEMENS MATSUSHITA COMPONENTS,57.692307692307686
DE0007236101,Siemens AG,52768,SIEMENS ENERGY & AUTOMAT,66.66666666666667
DE0007236101,Siemens AG,52783,SIEMENS VAI METALS TECH LTD,65.21739130434783
DE0007236101,Siemens AG,54398,SIEMENS MOBILITY INC,76.92307692307692
DE0007236101,Siemens AG,55933,SIEMENS METERING AG,76.92307692307692
DE0007236101,Siemens AG,58025,SIEMENS VAI METALS TECH GMBH,65.21739130434783
DE0007236101,Siemens AG,58052,SIEMENS IND SOFTWARE NV,56.60377358490566
DE0007236101,Siemens AG,59791,SIEMENS PLESSEY CONTROLS LTD,63.829787234042556
DE0007236101,Siemens AG,60383,SIEMENS VDO AUTOMOTIVE SPA,66.66666666666667
DE0007236101,Siemens AG,60405,SIEMENS SPA ITALIANA,76.92307692307692
DE0007236101,Siemens AG,63768,SIEMENS HEALTHCARE LTD,73.17073170731707
DE0007236101,Siemens AG,64019,SIEMENS GAMESA RENEWABLE ENERGY SERVICE GMBH,47.61904761904761
DE0007236101,Siemens AG,69272,SIEMENS HEARING INSTR INC,68.18181818181819
DE0007236101,Siemens AG,73349,SIEMENS MILLTRONICS PROC INSTR,56.60377358490566
DE0007236101,Siemens AG,74997,SIEMENS TRANSF COMPANY LTD,81.08108108108108
DE0007236101,Siemens AG,79785,SIEMENS IND SOFTWARE INC,60.0
DE0007236101,Siemens AG,80756,SIEMENS POWER CORP,81.08108108108108
DE0007236101,Siemens AG,85526,SIEMENS SAS,100.0
DE0007236101,Siemens AG,86033,SIEMENS HEALTHCARE DIAGNOSTICS PRODUCTS GMBH,48.38709677419355
DE0007236101,Siemens AG,87624,SIEMENS AG ALBIS,76.92307692307692
DE0007236101,Siemens AG,89912,SIEMENS PLC,88.23529411764706
DE0007236101,Siemens AG,95279,SIEMENS GAMESA RENEWABLE ENERGY GMBH & CO KG,52.63157894736843
DE0007236101,Siemens AG,97372,SIEMENS VDO AUTOMOTIVE AG,66.66666666666667
DE0007236101,Siemens AG,100202,ROBERT BOSCH GMBH AND SIEMENS AG,69.76744186046511
DE0007236101,Siemens AG,105695,SIEMENS VDO AUTOMOTIVE INC,66.66666666666667
DE0007236101,Siemens AG,107730,SIEMENS IND SOFTWARE LTD,60.0
DE0007236101,Siemens AG,108847,SIEMENS PACESETTER,71.42857142857143
DE0007236101,Siemens AG,112423,SIEMENS ELECTRIC LTD,76.92307692307692
DE0007236101,Siemens AG,125429,SIEMENS HEALTHINEERS NEDERLAND B V,53.57142857142857
DE0007236101,Siemens AG,129553,SIEMENS COMM INC,68.18181818181819
DE0007236101,Siemens AG,130703,SIEMENS APPLIED AUTOMATION INC,61.224489795918366
DE0007236101,Siemens AG,139993,SIEMENS DEMATIC AG,78.94736842105263
DE0007236101,Siemens AG,140258,SIEMENS INTEGRA VERKEHRSTECHNI,56.60377358490566
DE0007236101,Siemens AG,153728,SIEMENS MEDICAL SOLUTIONS DIAG,56.60377358490566
DE0007236101,Siemens AG,159715,SIEMENS MICROELECTRONICS INC,63.829787234042556
DE0007236101,Siemens AG,165859,SIEMENS MEDICAL SYSTEMS INC,65.21739130434783
DE0007236101,Siemens AG,181155,VALEO SIEMENS EAUTOMOTIVE SHENZHEN CO LTD,52.63157894736843
DE0007236101,Siemens AG,182125,SIEMENS WIND POWER GMBH & CO KG,66.66666666666667
DE0007236101,Siemens AG,184487,SIEMENS NUCLEAR POWER CORP,66.66666666666667
DE0007236101,Siemens AG,189380,SIEMENS GAMESA RENEWABLE ENERGY B V,52.63157894736843
DE0007236101,Siemens AG,189800,SIEMENS KRAUSS MAFFEI LOKOMOTI,56.60377358490566
DE0007236101,Siemens AG,193021,SIEMENS BENDIX AUTOMOTIVE ELEC,52.63157894736843
DE0007236101,Siemens AG,208868,SIEMENS NIXDORF ADVANCED TECHN,56.60377358490566
DE0007236101,Siemens AG,212516,SIEMENS ZRT,88.23529411764706
DE0007236101,Siemens AG,214670,SIEMENS BUSINESS SERVICES GMBH,62.5
DE0007236101,Siemens AG,214907,SIEMENS S R L,85.71428571428572
DE0007236101,Siemens AG,223671,SIEMENS LTD,100.0
DE0007236101,Siemens AG,224596,SIEMENS PRODUCTION & LOGISTICS,57.692307692307686
DE0007236101,Siemens AG,225007,SIEMENS VDO AUTOMOTIVE CANADA,57.692307692307686
DE0007236101,Siemens AG,230141,SIEMENS NIXDORF BANKING SYST,58.82352941176471
DE0007236101,Siemens AG,243920,SIEMENS GEBAEUDESICHERHEIT GMB,56.60377358490566
DE0007236101,Siemens AG,254048,SIEMENS INF & COMM MOBILE LLC,54.54545454545454
DE0007236101,Siemens AG,257426,SIEMENS MED SOLUTIONS HEALTH,58.82352941176471
DE0007236101,Siemens AG,268341,SIEMENS RES CT LTD LIABILITY COMPANY,57.692307692307686
DE0007236101,Siemens AG,275896,SIEMENS MOBILITY S A S,73.17073170731707
DE0007236101,Siemens AG,301085,SIEMENS FLOW INSTR AS,68.18181818181819
DE0007236101,Siemens AG,304446,SIEMENS AUTOMOTIVE INC,73.17073170731707
DE0007236101,Siemens AG,310211,SIEMENS AUTOMOTIVE LTD,73.17073170731707
DE0007236101,Siemens AG,323374,SIEMENS VDO AUTOMOTIVE,66.66666666666667
DE0007236101,Siemens AG,332558,SIEMENS COMMUNICATION INC,68.18181818181819
DE0007236101,Siemens AG,334916,SIEMENS LTDA,85.71428571428572
DE0007236101,Siemens AG,346418,SIEMENS IND SOFTWARE NETHERLANDS B V,46.15384615384615
DE0007236101,Siemens AG,356243,SIEMENS SANAYI VE TICARET A S,57.692307692307686
DE0007236101,Siemens AG,357343,SIEMENS NETWORKS S P A,68.18181818181819
DE0007236101,Siemens AG,372255,SIEMENS ELECTROMECH COMPONENTS,56.60377358490566
DE0007236101,Siemens AG,372924,SIEMENS ELECTROCOM LP,73.17073170731707
DE0007236101,Siemens AG,381976,SIEMENS TECH TO BUSINESS CT,60.0
DE0007236101,Siemens AG,384199,SIEMENS RAIL AUTOMATION S A U,62.5
DE0007236101,Siemens AG,410413,SIEMENS MAGNET TECHNOLOGY LTD,71.42857142857143
DE0007236101,Siemens AG,416056,SIEMENS PLESSEY ELECTRONIC,60.0
DE0007236101,Siemens AG,442185,SIEMENS RESTRAINT SYSTEMS GMBH,62.5
DE0007236101,Siemens AG,442266,SIEMENS TRANSP SYSTEMS,66.66666666666667
DE0007236101,Siemens AG,450451,SIEMENS WIND POWER AS,66.66666666666667
DE0007236101,Siemens AG,455280,SIEMENS PTE LTD,88.23529411764706
DE0007236101,Siemens AG,477296,SIEMENS DEMATIC POSTAL AUTOMAT,56.60377358490566
DE0007236101,Siemens AG,492215,SIEMENS VAI METALS TECH SRL,60.0
DE0007236101,Siemens AG,496153,SIEMENS SGP VERKEHRSTECHNIK,60.0
DE0007236101,Siemens AG,497933,SIEMENS DIESEL SYSTEM TECHNOLO,56.60377358490566
DE0007236101,Siemens AG,520652,SIEMENS COMP INC,85.71428571428572
DE0007236101,Siemens AG,523730,SIEMENS TRANSMISSION & DISTRIB,58.82352941176471
DE0007236101,Siemens AG,532434,SIEMENS GAMESA INNOVATION & TECH S L,52.63157894736843
DE0007236101,Siemens AG,536989,SIEMENS TRANSIT TELEMATIC SYSTEMS AG,53.57142857142857
DE0007236101,Siemens AG,546412,SIEMENS IND SOFTWARE AND SERVICES B V,48.38709677419355
DE0007236101,Siemens AG,564832,SIEMENS VAI METALS TECHNOLOGIE,56.60377358490566
DE0007236101,Siemens AG,573883,OOO SIEMENS,88.23529411764706
DE0007236101,Siemens AG,575136,SITS SOC IT TELECOM SIEMENS,60.0
DE0007236101,Siemens AG,587534,SIEMENS POWER TRANSM & DISTRIB,57.692307692307686
DE0007236101,Siemens AG,598844,SIEMENS SOLAR IND LP,63.829787234042556
DE0007236101,Siemens AG,599299,SIEMENS BELEUCHTUNGSTECHNIK GM,46.875
DE0007236101,Siemens AG,605451,VALEO SIEMENS EAUTOMOTIVE NORWAY AS,51.72413793103448
DE0007236101,Siemens AG,640250,SIEMENS SOLAR GMBH,83.33333333333334
DE0007236101,Siemens AG,647803,SIEMENS ELECTRONICS ASSEMBLY SYSTEMS GMBH & CO KG,48.38709677419355
DE0007236101,Siemens AG,661153,Siemens Energy AS,75.0
DE0007236101,Siemens AG,663617,SIEMER ALFRED,81.08108108108108
DE0007236101,Siemens AG,682007,SIEMENS S R O,85.71428571428572
DE0007236101,Siemens AG,704503,SIEMENS GEARED MOTORS GMBH,69.76744186046511
DE0007236101,Siemens AG,714951,SIEMENS MOBILITY PTY LTD,69.76744186046511
DE0007236101,Siemens AG,726149,SIEMENS WATER TECHNOLOGIES LLC,71.42857142857143
DE0007236101,Siemens AG,778040,SIEMENS GAMESA RENEWABLE ENERGY DEUTSCHLAND GMBH,45.45454545454546
DE0007236101,Siemens AG,781137,SIEMENS INFORMATION AND,71.42857142857143
DE0007236101,Siemens AG,783132,SIEMENS SOLAR IND INT,49.18032786885246
DE0007236101,Siemens AG,817108,SIEMENS BUSINESS SOLUTIONS,61.224489795918366
DE0007236101,Siemens AG,825837,SIEMENS INDUSTRY SOFTWARE NV,56.60377358490566
DE0007236101,Siemens AG,838693,SIEMENS AUTOMOTIVE HYDRAULICS,57.692307692307686
DE0007236101,Siemens AG,841264,SIEMENS RAIL AUTOMATION HOLDINGS LTD,65.21739130434783
DE0007236101,Siemens AG,851790,SIEMENS AXIVA GMBH & CO KG,76.92307692307692
DE0007236101,Siemens AG,861526,SIEMENS TELECOM NETWORKS,63.829787234042556
DE0007236101,Siemens AG,885159,SIEMENS NEDERLAND,75.0
DE0007236101,Siemens AG,892144,SIEMENS AUTOMOTIVE LP,73.17073170731707
DE0007236101,Siemens AG,893339,SIEMENS COMPONENTS PTE LTD,66.66666666666667
DE0007236101,Siemens AG,918128,SIEMENS DIESEL SYSTEMS TECHNOL,56.60377358490566
DE0007236101,Siemens AG,969621,SIEMENS AUTOMOTIVE MOTEURS ELE,56.60377358490566
DE0007236101,Siemens AG,1011859,SIEMENS ENERGY & AUTOMATION,62.5
DE0007236101,Siemens AG,1025884,SIEMENS TRANSFORMERS AUSTRIA GMBH & CO KG,55.55555555555556
DE0007236101,Siemens AG,1051108,SIEMES ANDREAS,78.94736842105263
DE0007236101,Siemens AG,1093905,SIEMENS WESTINGHOUSE POWER COM,55.55555555555556
DE0007236101,Siemens AG,1099846,SIEMENS GAMESA RENEWABLE ENGERY INNOVATION & TECH S L,40.54054054054054
DE0007236101,Siemens AG,1130012,SIEMENS PROGRAMM UND SYSTEMENTWICKLUNG GMBH & CO KG,46.875
DE0007236101,Siemens AG,1183248,SIEMENS MEDICAL LAB INC,58.82352941176471
DE0007236101,Siemens AG,1185061,SIEMENS INDUSTRY SOFTWARE LTD,60.0
DE0007236101,Siemens AG,1203333,SIEMENS BUSINESS COMM SYSTEMS,49.18032786885246
DE0007236101,Siemens AG,1213332,FUJITSU SIEMENS COMPUTERS INC,62.5
DE0007236101,Siemens AG,1234411,SIEMENS HEALTHCARE NEDERLAND B V,55.55555555555556
DE0007236101,Siemens AG,1316311,SIEMENS ALLIS INC,83.33333333333334
DE0007236101,Siemens AG,1330385,SIEMENS CONVERGENCE CREATORS GMBH,58.82352941176471
DE0007236101,Siemens AG,1344653,SIEMENS IT SOLUTIONS AND SERVICES GMBH,57.692307692307686
DE0007236101,Siemens AG,1353141,SIEMENS NV,90.9090909090909
DE0007236101,Siemens AG,1370511,SIEMENS CONVERGENCE CREATORS GMBH & CO KG,55.55555555555556
DE0007236101,Siemens AG,1372975,SIEMENS CONCENTRATED SOLAR POW,56.60377358490566
DE0007236101,Siemens AG,1384410,SIEMENS GAMMASONICS,71.42857142857143
DE0007236101,Siemens AG,1434187,SIEMENS HEALTHCARE DIAGNOSTICS GMBH,56.60377358490566
DE0007236101,Siemens AG,1503079,FUJITSU SIEMENS COMPUTERS LLC,62.5
DE0007236101,Siemens AG,1532517,SIEMENS IND AUTOMATION INC,57.692307692307686
DE0007236101,Siemens AG,1545005,SIEMENS LOGISTICS AND ASSEMBLY,61.224489795918366
DE0007236101,Siemens AG,1576450,SIEMENS LINEAR MOTOR SYSTEMS G,56.60377358490566
DE0007236101,Siemens AG,1580822,SIEMENS TURBOMACHINERY EQUIPMENT GMBH,54.54545454545454
DE0007236101,Siemens AG,1822861,SIEMENS LOGISTICS LLC,75.0
DE0007236101,Siemens AG,1894069,SIEMER MICHAEL,78.94736842105263
DE0007236101,Siemens AG,1905972,SIEMENS DEMAG DELAVAL TURBOMAC,56.60377358490566
DE0007236101,Siemens AG,1988678,SIEMENS MEDICAL ELECTRONICS,60.0
DE0007236101,Siemens AG,2008861,SIEMENS WATER TECHNOLOGY CORP,71.42857142857143
DE0007236101,Siemens AG,2058732,SIEMENS GAS AND POWER GMBH & CO KG,68.18181818181819
DE0007236101,Siemens AG,2082575,SIEMENS ATEA NAAMLOZE VENNOOTS,56.60377358490566
DE0007236101,Siemens AG,2104429,SIEMENS LTD INDIA,83.33333333333334
DE0007236101,Siemens AG,2111293,SIEMENS DEMATIC ELECTRONICS AS,56.60377358490566
DE0007236101,Siemens AG,2172938,SIEMENS AUTOMATIVE L P,66.66666666666667
DE0007236101,Siemens AG,2217863,SIEMENS TRANSFORMERS AUSTRIA G,56.60377358490566
DE0007236101,Siemens AG,2249234,SIEMENS AUTOMOTIVE EEDS SYSTEM,56.60377358490566
DE0007236101,Siemens AG,2250053,SIEMENS AS,90.9090909090909
DE0007236101,Siemens AG,2273766,SIEMENS & CO QUELLENPRODUKTE,65.21739130434783
DE0007236101,Siemens AG,2417931,SIEMENS PC SYSTEME GMBH & CO K,69.76744186046511
DE0007236101,Siemens AG,2463165,SIEMENS METERING INC,76.92307692307692
DE0007236101,Siemens AG,2518246,SIEMENS TRANSP SYSTEM S A S,65.21739130434783
DE0007236101,Siemens AG,2524758,SIEMENS COMP AIDED DIAGNOSIS L,56.60377358490566
DE0007236101,Siemens AG,2539157,SIEMENS INFORMATICA S P A,63.829787234042556
DE0007236101,Siemens AG,2555221,SIEMENS AUTOMOTIVE EPOWERTRAIN SYSTEMS SHANGHAI CO LTD,42.85714285714286
DE0007236101,Siemens AG,2623074,SIEMENS MOLECULAR IMAGING INC,62.5
DE0007236101,Siemens AG,2673350,SIEMENS METERING PRODUCTS LTD,62.5
DE0007236101,Siemens AG,2711563,SIEMENS TECH AND SERVICES PVT LTD,62.5
DE0007236101,Siemens AG,2863953,SIEMENS VDO MECHATRONIK GMBH &,65.21739130434783
DE0007236101,Siemens AG,2883816,SIEMENS BUSINESS COMM SYST INC,51.72413793103448
DE0007236101,Siemens AG,2907817,SIEMENS ELECTRONIC DESIGN AUTOMATION GMBH,50.0
DE0007236101,Siemens AG,3040659,SIEMENS IND SOFTWARE GMBH,60.0
DE0007236101,Siemens AG,3096458,SIEMENS VDO HALLA LTD,75.0
DE0007236101,Siemens AG,3099948,SIEMENS MEDICAL SYSTEMS,65.21739130434783
DE0007236101,Siemens AG,3184370,SIEMENS VDO TRADING B V,66.66666666666667
DE0007236101,Siemens AG,3285871,SIEMENS SCHIENENFAHRZEUGTECH,58.82352941176471
DE0007236101,Siemens AG,3314491,SIEMENS ENERGY AUSTRIA GMBH,66.66666666666667
DE0007236101,Siemens AG,3417695,SIEMENS ENTPR COMM LTD,60.0
DE0007236101,Siemens AG,3662589,SIEMENS LOGISTICS GMBH,75.0
DE0007236101,Siemens AG,3721440,SIEMENS PROGRAMM UND SYSTEMENT,56.60377358490566
DE0007236101,Siemens AG,3855143,SIEMENS ENERGY B V,75.0
DE0007236101,Siemens AG,3890031,SIEMENS LLC,100.0
DE0007236101,Siemens AG,3930116,SIEMENS SHANGHAI MED EQUIP LTD,61.224489795918366
DE0007236101,Siemens AG,3930125,SIEMENS ENERGY LTD,81.08108108108108
DE0007236101,Siemens AG,3954592,SIEMENS NETWORK CONVERGENCE LL,55.55555555555556
DE0007236101,Siemens AG,4106499,SIEMENS ELASA S A,83.33333333333334
DE0007236101,Siemens AG,4122251,SIEMENS IND TURBOMACHINERY B V,50.847457627118644
DE0007236101,Siemens AG,4126652,SIEMENS INFORMATION AND COMM P,51.72413793103448
DE0007236101,Siemens AG,4138733,SIEMENS ELECTROCOM L L P,65.21739130434783
DE0007236101,Siemens AG,4175664,SIEMENS AUTOMOTIVE L P A DELAW,58.82352941176471
DE0007236101,Siemens AG,4261063,SIEMENS HOME AND OFFICE COMM G,51.72413793103448
DE0007236101,Siemens AG,4425331,SIEMENS MOBILITY SAS,76.92307692307692
DE0007236101,Siemens AG,4426989,SIEMENS GEC COMMUNICATION SYST,56.60377358490566
DE0007236101,Siemens AG,4453360,FUJITSU SIEMENS COMP GMBH,69.76744186046511
DE0007236101,Siemens AG,4558672,Valeo Siemens eAutomotive France,54.54545454545454
DE0007236101,Siemens AG,4660846,SIEMENS CORP RES & SUPPORT,63.829787234042556
DE0007236101,Siemens AG,4919510,LTD LIABILITY COMPANY SIEMENS,75.0
DE0007236101,Siemens AG,5050062,SIEMENS COMMUNICATIONS TEST EQ,56.60377358490566
DE0007236101,Siemens AG,5284757,SIEMENS WERNER,78.94736842105263
DE0007236101,Siemens AG,5348379,CHIEMGAUER HOLZHAUS SIEMER & Z,56.60377358490566
DE0007236101,Siemens AG,5475282,SIEMENS AIRFIELD SOLUTIONS INC,61.224489795918366
DE0007236101,Siemens AG,5505899,SIEMENS PROGRAMM UND SYSTEM EN,56.60377358490566
DE0007236101,Siemens AG,5582332,SIEMENS IT SOLUTIONS AND SERVI,61.224489795918366
DE0007236101,Siemens AG,5612813,SIEMENS NIXDORFINFORMATIONSSYS,56.60377358490566
DE0007236101,Siemens AG,5798948,SIEMENS AUTOMOTIVE SYSTEMS CO LTD,61.224489795918366
DE0007236101,Siemens AG,5804935,SIEMENS AUTOMOTIVE SYSTEMS CO,61.224489795918366
DE0007236101,Siemens AG,5972160,SIEMENS RAIL AUTOMATION PTY LTD,60.0
DE0007236101,Siemens AG,6275545,SIEMENS BUSINESS SERVICES LTD,62.5
DE0007236101,Siemens AG,6369438,SIEMENS MOBILE TRAVEL SOLUTION,56.60377358490566
DE0007236101,Siemens AG,6520787,SIEMENS HEALTHCARE AG,73.17073170731707
DE0007236101,Siemens AG,6647335,SIEMENS SWITCHGEAR LTD SHANGHAI,60.0
DE0007236101,Siemens AG,6840930,SIEMENS DEMATIC LTD,78.94736842105263
DE0007236101,Siemens AG,6984418,SIEMENS FUEL GASIFICATION TECH,56.60377358490566
DE0007236101,Siemens AG,7053119,VALEO SIEMENS EAUTOMOTIVE POLAND SP Z O O,47.61904761904761
DE0007236101,Siemens AG,7079489,SIEMENS ISRAEL LTD,81.08108108108108
DE0007236101,Siemens AG,7098418,LLC SIEMENS,100.0
DE0007236101,Siemens AG,7213052,SIEMENS WATER TECHNOLOGIES PTE LTD,65.21739130434783
DE0007236101,Siemens AG,7241097,SIEMENS & CO,100.0
DE0007236101,Siemens AG,7580796,SIEMENS ANALYT X RAY INST,54.54545454545454
DE0007236101,Siemens AG,7605743,SIEMENS HEALTH SERVICES GMBH &,65.21739130434783
BE0003470755,Solvay SA,2055,SOLVAY,100.0
BE0003470755,Solvay SA,3696,SOLVAY USA INC,100.0
USG77395AA27,ABI SAB Group Holding Ltd.,2018504,ABI SAB GROUP HOLDING LTD,100.0
SE0015812219,Swedish Match AB,140659,SWEDISH MATCH NORTH EUROPE AB,66.66666666666667
SE0015812219,Swedish Match AB,680303,SWEDISH MATCH SVERIGE AB,76.47058823529412
SE0015812219,Swedish Match AB,797127,SWEDISH MATCH UK LTD,89.65517241379311
SE0015812219,Swedish Match AB,1244121,SWEDISH MATCH LIGHTERS BV,68.42105263157895
ES0178430E18,Telefonica SA,7679,TELEFONICA SA,100.0
FR0000121329,Thales SA,3291,THALES SA,100.0
FR0000121329,Thales SA,395857,THALES CO LTD,100.0
FR0000121329,Thales SA,1414379,THALES USA INC,100.0
FR0000121329,Thales SA,4673059,THALES INTELLECTUAL PROPERTY,100.0
DE0007500001,ThyssenKrupp AG,67277,THYSSENKRUPP AG,100.0
DE0007500001,ThyssenKrupp AG,654032,THYSSEN KRUPP AG,56.00000000000001
DE0007500001,ThyssenKrupp AG,5576002,THYSSENKRUPP GMBH,100.0
FR0000120271,TotalEnergies SE,158269,TOTALENERGIES SE,100.0
GB00B10RZP78,Unilever Plc,3000,UNILEVER PLC,100.0
GB00B10RZP78,Unilever Plc,53841,UNILEVER PLC NO 41424,74.28571428571429
GB00B10RZP78,Unilever Plc,289935,UNILEVER PLC A COMPANY REGISTERED IN ENGLAND AND WALES UNDER COMPANY NO 41424 OF,36.111111111111114
XS1769091296,Unilever NV,3584,UNILEVER NV,100.0
DE000ENAG999,E.ON SE,561971,E ON SE,100.0
AT00000VIE62,Flughafen Wien AG,7278197,FLUGHAFEN WIEN AG,100.0
GB00BH4HKS39,Vodafone Group Plc,38646,VODAFONE PLC,100.0
GB00BH4HKS39,Vodafone Group Plc,825768,VODAFONE INTELLECTUAL PROPERTY,80.0
DE0007664039,Volkswagen AG,1235,VOLKSWAGEN AG,100.0
DE0007664039,Volkswagen AG,838654,VOLSKSWAGEN AG,95.23809523809523
SE0000115446,Volvo AB,438,VOLVO TRUCK CORP,81.25
SE0000115446,Volvo AB,2462,VOLVO AB,100.0
SE0000115446,Volvo AB,9593,VOLVO CAR CORP,86.66666666666667
SE0000115446,Volvo AB,10225,VOLVO LASTVAGNAR AB,70.27027027027026
SE0000115446,Volvo AB,11233,VOLVO CONSTR EQUIP HOLDING SE,61.904761904761905
SE0000115446,Volvo AB,15894,VOLVO CONSTR EQUIP AB,66.66666666666667
SE0000115446,Volvo AB,26138,VOLVO PENTA AB,81.25
SE0000115446,Volvo AB,34036,VOLVO WHEEL LOADERS AB,65.0
SE0000115446,Volvo AB,43548,VOLVO AERO CORP,83.87096774193549
SE0000115446,Volvo AB,50080,VOLVO PERSONVAGNAR AB,66.66666666666667
SE0000115446,Volvo AB,54240,VOLVO CONSTRUCTION EQUIPMENT HOLDING SWEDEN AB,46.42857142857143
SE0000115446,Volvo AB,115428,VOLVO BUSSAR AB,78.78787878787878
SE0000115446,Volvo AB,118930,VOLVO GROUP NORTH AMERICA INC,76.47058823529412
SE0000115446,Volvo AB,124242,VOLVO TECHNOLOGY CORP,83.87096774193549
SE0000115446,Volvo AB,146508,VOLVO TEKNISK UTVECKLING AB,57.77777777777777
SE0000115446,Volvo AB,149283,VOLVO PENTA CORP,81.25
SE0000115446,Volvo AB,181152,Volvo Autonomous Solutions AB,55.319148936170215
SE0000115446,Volvo AB,192845,VOLVO BUS CORP,86.66666666666667
SE0000115446,Volvo AB,198506,VOLVO GROUP NORTH AMERICA LLC,76.47058823529412
SE0000115446,Volvo AB,214216,VOLVO TECHNOLOGY OF AMERICA,66.66666666666667
SE0000115446,Volvo AB,250395,VOLVO TRUCKS NORTH AMERICA INC,63.41463414634146
SE0000115446,Volvo AB,265043,VOLVO CAR BV,78.78787878787878
SE0000115446,Volvo AB,328869,VOLVO TECH CORP,83.87096774193549
SE0000115446,Volvo AB,364460,VOLVO TRUCKS NORTH AMERICA,63.41463414634146
SE0000115446,Volvo AB,431872,VOLVO POWERTRAIN AB,70.27027027027026
SE0000115446,Volvo AB,442936,VOLVO COMPACT EQUIPMENT SAS,59.09090909090908
SE0000115446,Volvo AB,473409,VOLVO CONSTR EQUIP KOREA CO,57.77777777777777
SE0000115446,Volvo AB,523425,VOLVO ARTICULATED HAULERS AB,56.52173913043479
SE0000115446,Volvo AB,667323,VOLVO TECH CORPORATION,83.87096774193549
SE0000115446,Volvo AB,669790,VOLVO TECH OF AMERICA,66.66666666666667
SE0000115446,Volvo AB,822107,VOLVO AERO AKTIEBOLAG,61.904761904761905
SE0000115446,Volvo AB,867751,VOLVO CONSTR EQUIP COMPONENTS,52.0
SE0000115446,Volvo AB,1212229,VOLVO GM HEAVY TRUCK CORP,50.0
SE0000115446,Volvo AB,1221813,VOLVO CAR SINT TRUIDEN,60.46511627906976
SE0000115446,Volvo AB,1246120,VOLVO TECHNOLOGICAL DEV COPROR,44.067796610169495
SE0000115446,Volvo AB,1571327,VOLVO TECHNOLOGICAL CORP,65.0
SE0000115446,Volvo AB,1958064,VOLVO LASTVAGNER AB,68.42105263157895
SE0000115446,Volvo AB,1994558,VOLVO COMPACT EQUIPMENT SA,59.09090909090908
SE0000115446,Volvo AB,2032610,VOLVO PENTA OF THE AMERICAS IN,59.09090909090908
SE0000115446,Volvo AB,2139787,VOLVO TECHNOLOGY AB,83.87096774193549
SE0000115446,Volvo AB,2177239,VOLVO BM,89.65517241379311
SE0000115446,Volvo AB,2611925,VOLVO FLYGMOTOR AB,72.22222222222221
SE0000115446,Volvo AB,3228222,Volvo Construction Equipment Germany GmbH,45.614035087719294
SE0000115446,Volvo AB,3354963,VOLVO TECHNOLOGY GROUP,83.87096774193549
SE0000115446,Volvo AB,3422486,VOLVO WHITE TRUCK CORP,68.42105263157895
SE0000115446,Volvo AB,3647684,VOLVO AERO SUPPORT AB,66.66666666666667
SE0000115446,Volvo AB,4096101,VOLVO BM BRAASVERKEN,63.41463414634146
SE0000115446,Volvo AB,4294801,VOLVO TECHNOLOGICAL DEV CORP,50.0
SE0000115446,Volvo AB,4658220,VOLVO COMMERCIAL FINANCE LLC T,55.319148936170215
SE0000115446,Volvo AB,6486848,VOLVO POWERTRAIN AKTIEBOLAG,54.16666666666667
SE0000115446,Volvo AB,6545727,VOLVO PETROLEUM,72.22222222222221
SE0000115446,Volvo AB,6737356,VOLVO CAR SINT TRUIDEN NV,56.52173913043479
GB00B1KJJ408,Whitbread Plc,801086,WHITBREAD & CO PLC,100.0
AT0000834007,Wolford AG,144249,WOLFORD AG,100.0
NL0000395903,Wolters Kluwer NV,228733,WOLTERS KLUWER NV,100.0
GB0009895292,AstraZeneca Plc,2728,ASTRAZENECA AB,84.61538461538461
GB0009895292,AstraZeneca Plc,5155720,ASTRAZENECA,84.61538461538461
GB0000653229,Creative Technology Group Ltd.,2936,CREATIVE TECH LTD,100.0
GB0000653229,Creative Technology Group Ltd.,94814,CREATIVE TECH CORP,100.0
GB0000653229,Creative Technology Group Ltd.,392277,CREATIVE TECHNOLOGY CONCEPTS LLC,74.28571428571429
GB0000653229,Creative Technology Group Ltd.,546110,CREATIVE TECHNOLOGY HONG KONG,72.22222222222221
GB0000653229,Creative Technology Group Ltd.,626862,CREATIVE TECHNOLOGY SYSTEMS LL,70.27027027027026
GB0000653229,Creative Technology Group Ltd.,1802260,CREATIVE TECH CONCEPTS LLC,74.28571428571429
GB0000653229,Creative Technology Group Ltd.,3798612,CREATIVE TECHNOLOGIES CORP,100.0
GB0000653229,Creative Technology Group Ltd.,5932317,CREATIVE TECH INVESTMENT INC,68.42105263157895
GB0000653229,Creative Technology Group Ltd.,6687530,CREATIVE TECH INVEST INC,78.78787878787878
GB0000667013,Avon Protection Plc,273353,AVON PROTECTION SYSTEMS INC,71.42857142857143
US05581D1072,BTG Ltd.,2986953,BTG USA INC,100.0
GB00B27YWC45,U & I Group Ltd.,233551,U & I CORP,100.0
GB00B27YWC45,U & I Group Ltd.,1154071,UI HOLDING CO,100.0
GB00B27YWC45,U & I Group Ltd.,5932851,U & I CO LTD,100.0
GB00B27YWC45,U & I Group Ltd.,6799029,U & I INC,100.0
GB00B3FLWH99,Bodycote Plc,348811,BODYCOTE PLC,100.0
GB00B3FLWH99,Bodycote Plc,3537882,BODYCOTE,80.0
GB0001751915,Carclo Plc,637513,CARCLO ENG GROUP PLC,83.33333333333334
QQ00BKVL6S16,Carpetright Ltd.,7577632,CARPETLIGHT GMBH,90.9090909090909
GB00B033F229,Centrica Plc,2603849,CENTRICA PLC,100.0
GB00B033F229,Centrica Plc,4562604,CENTRIA,73.6842105263158
GB00B45C9X44,Chemring Group Plc,2454472,CHEMRING GROUP PLC,100.0
GB00B45C9X44,Chemring Group Plc,3386470,CHEMRING PLC,100.0
GB0002183191,Concurrent Technologies Plc,5185921,CONCURRENT TECHNOLOGIES CORP,88.23529411764706
GB0002235736,Coral Products Plc,4885241,CORAL PROD SA,87.5
GB0002235736,Coral Products Plc,5662385,CORAL PRODUCTS PLC,100.0
GB00BJFFLV09,Croda International Plc,39336,CRODA INT PLC,100.0
QQ00BHRWRW83,Dairy Crest Group Ltd.,298076,DAIRY CREST LTD,100.0
QQ00BHRWRW83,Dairy Crest Group Ltd.,4688103,DAIRY CREST LIMITED,100.0
GB0002670437,Devro Plc,428845,DEVRO PLC,100.0
GB0003104196,Proteome Sciences Plc,273058,PROTEOME SCIENCES PLC,100.0
GB0003104196,Proteome Sciences Plc,428580,PROTEOME SCIENCES INC,89.47368421052632
GB0003104196,Proteome Sciences Plc,6589937,PROTEOME SCIENCES R & D GMBH &,82.92682926829268
GB00BNGY4Y86,Epwin Group Plc,3282371,EPWIN GROUP PLC,100.0
GB0003345054,Fenner Group Holdings Ltd.,718563,FENNER US INC,100.0
GB0003345054,Fenner Group Holdings Ltd.,1125716,FENNER INC,100.0
GB0003345054,Fenner Group Holdings Ltd.,2711799,FENNER USA INC,100.0
GB0003362992,Filtronic Plc,270021,FILTRONIC PLC,100.0
GB0003781050,Goodwin Plc,377816,GOODWIN PLC,100.0
QQ00BK1MH926,Tetra Tech UK Consulting Group Ltd.,146288,TETRA TECH,58.82352941176471
GB0030855547,Greene King Ltd.,1255585,KING GREEN LTD,95.23809523809523
GB00B4YZN328,Coats Group Plc,658362,COATS PLC,100.0
GB00B4YZN328,Coats Group Plc,3175239,COATS GROUP PLC,100.0
GB0004016704,Surgical Innovations Group Plc,607660,SURGICAL INNOVATIONS LTD,90.9090909090909
GB0004016704,Surgical Innovations Group Plc,6319882,SURGICAL INNOVATIONS,90.9090909090909
GB0004016704,Surgical Innovations Group Plc,6822501,SURGICAL INNOVATIONS LLC,90.9090909090909
GB0004270301,Hill & Smith Holdings Plc,719655,HILL & SMITH HOLDINGS PLC,100.0
GB0004270301,Hill & Smith Holdings Plc,2284721,HILL & SMITH LTD,83.33333333333334
GB0004270301,Hill & Smith Holdings Plc,4839127,HILL&SMITH HOLDINGS PLC,100.0
GB0004526900,IG Design Group Plc,6625544,I G DESIGN,81.81818181818181
GB0032036807,ECO Animal Health Group Plc,364520,ECO ANIMAL HEALTH LTD,89.47368421052632
GB00BYYJL418,Norcros Plc,2905580,NORCROS PLC,100.0
IE00B4XVDC01,Ovoca Bio Plc,3023567,OVOCA BIO RUSSIA LTD,68.96551724137932
GB0006672785,Pace Plc,6165,PACE PLC,100.0
GB0006870611,GB Group Plc,728604,GB GROUP PLC,100.0
GB00BHB1XR83,Pittards Plc,5034529,PITTARDS PLC,100.0
GB0006963689,Porvair Plc,22039,PORVAIR PLC,100.0
GB0007197378,RPC Group Ltd.,83452,RPC INC,100.0
GB0007197378,RPC Group Ltd.,5684965,RPC CORP,100.0
GB0007323586,Renishaw Plc,5282,RENISHAW PLC,100.0
GB0007370074,Ricardo Plc,3626156,RICARDO GROUP PLC,100.0
GB0007973794,Serco Group Plc,3850,SERCO,71.42857142857143
GB0008025412,SIG Plc,2404042,SIG PLC,100.0
GB00B27YGJ97,Severfield Plc,4908498,SEVERFIELD ROWEN PLC,82.35294117647058
GB00BYYTFB60,HomeServe Plc,180460,HOMESERVE PLC,100.0
US82686Q1013,Silence Therapeutics Plc,141189,SILENCE THERAPEUTICS GMBH,90.9090909090909
US82686Q1013,Silence Therapeutics Plc,754087,SILENCE THERAPEUTICS AG,90.9090909090909
GB0008711763,TT Electronics Plc,440252,TT ELECTRONICS PLC,100.0
GB00B1YW4409,3i Group PLC,4278682,3I GROUP PLC,100.0
GB0009035741,Triad Group Plc,2366377,TRIAD GROUP PLC,100.0
GB00B09MB697,Wireless Group Ltd.,981124,IP WIRELESS INC,100.0
GB00B09MB697,Wireless Group Ltd.,4487401,WIRELESS IP LTD,100.0
GB0009123323,Ultra Electronics Holdings Plc,240968,ULTRA ELECTRONICS LTD,89.47368421052632
GB0009303123,Imagination Technologies Group Ltd.,4655,IMAGINATION TECH LTD,100.0
GB0009303123,Imagination Technologies Group Ltd.,2060265,IMAGINATION TECHNOLOGIES LIMIT,100.0
GB0009303123,Imagination Technologies Group Ltd.,7721311,IMAGINATION TECH LLC,100.0
GB0009390070,Volex Plc,342724,VOLEX GROUP PLC,100.0
GB0009390070,Volex Plc,2422461,VOLEX PLC,100.0
GB0009896605,Zotefoams Plc,1218239,ZOTEFOAMS PLC,100.0
GB0009896605,Zotefoams Plc,2142343,ZOTEFOAM PLC,96.0
SE0007100581,Assa Abloy AB,1200,ASSA ABLOY AB,100.0
SE0007100581,Assa Abloy AB,1621,ASSA ABLOY LTD,100.0
SE0007100581,Assa Abloy AB,4347,ASSA ABLOY SCHWEIZ AG,71.42857142857143
SE0007100581,Assa Abloy AB,6478,ASSA ABLOY IDENTIFICATION TECH,50.0
SE0007100581,Assa Abloy AB,6777,ASSA ABLOY SICHERHEITSTECHNIK,51.28205128205128
SE0007100581,Assa Abloy AB,37206,ASSA ABLOY ENTRANCE SYSTEMS AB,54.054054054054056
SE0007100581,Assa Abloy AB,55632,ASSA ABLOY (SCHWEIZ) AG,71.42857142857143
SE0007100581,Assa Abloy AB,82466,ASSA ABLOY SICHERHEITSTECHNIK GMBH,51.28205128205128
SE0007100581,Assa Abloy AB,97710,ASSA ABLOY COTE PICARDE,60.60606060606061
SE0007100581,Assa Abloy AB,102766,ASSA ABLOY INC,100.0
SE0007100581,Assa Abloy AB,116569,ASSA ABLOY HOSPITALITY INC,62.5
SE0007100581,Assa Abloy AB,644323,ASSA ABLOY NEDERLAND B V,60.60606060606061
SE0007100581,Assa Abloy AB,728334,ASSA ABLOY AUSTRALIA PTY LTD,58.82352941176471
SE0007100581,Assa Abloy AB,770874,ASSA ABLOY GLOBAL SOLUTIONS AB,45.45454545454546
SE0007100581,Assa Abloy AB,861228,ASSA ABLOY OPENING SOLUTIONS SWEDEN AB,44.44444444444444
SE0007100581,Assa Abloy AB,941691,ASSA ABLOY FRANCE SAS,74.07407407407408
SE0007100581,Assa Abloy AB,1426132,ASSA ABLOY IP AB,100.0
SE0007100581,Assa Abloy AB,1867728,ASSA ABLOY Côte Picarde,60.60606060606061
SE0007100581,Assa Abloy AB,2070385,ASSA ABLOY FINANCIAL SERVICES,51.28205128205128
SE0007100581,Assa Abloy AB,2514029,ASSA ABLOY ACCESS & DOOR CONTROLS GROUP INC,48.78048780487805
SE0007100581,Assa Abloy AB,2737699,ASSA ABLOY CZECH & SLOVAKIA S R O,50.0
SE0007100581,Assa Abloy AB,3006606,ASSA ABLOY ENTRANCE SYSTEM AB,55.55555555555556
SE0007100581,Assa Abloy AB,3107204,ASSA ABLOY KOREA,76.92307692307692
SE0007100581,Assa Abloy AB,4013112,ASSA ABLOY RYCHNOV S R O,60.60606060606061
SE0007100581,Assa Abloy AB,4615708,ASSA ABLOY ITALIA S P A,62.5
SE0007100581,Assa Abloy AB,6616639,ASSA ABLOY HIGH SECURITY GROUP INC,55.55555555555556
SE0007100581,Assa Abloy AB,7236298,ASSA ABLOY OPENING SOLUTIONS BULGARIA EOOD,38.46153846153846
SE0007100581,Assa Abloy AB,7553400,ASSA ABLOY CZECH & SLOVAKIA S R O ODSTEPNY ZÁVOD FAB VEHICLE SECURITY,25.97402597402597
AT000AGRANA3,AGRANA Beteiligungs-AG,56222,AGRANA BETEILIGUNGS AG,100.0
AT000AGRANA3,AGRANA Beteiligungs-AG,487097,AGRANA BETEILIGUNGS- AG,100.0
FR0000131757,Eramet SA,271189,ERAMET,100.0
NL0000852564,Aalberts NV,4258701,ALBERTS NV,95.23809523809523
FR0123984918,Altran Technologies SA,4295802,ALTRA TECHNOLOGIES INC,95.23809523809523
FR0123984918,Altran Technologies SA,4738164,ALTRA TECH LTD,95.23809523809523
FR0123984918,Altran Technologies SA,6108979,ALTRAN TECHNOLOGIES,100.0
AT0000A18XM4,ams-OSRAM AG,818759,AMS OSRAM INT GMBH,56.25
AT0000A18XM4,ams-OSRAM AG,3552341,AMS OSRAM AG,100.0
IE0000669501,Glanbia Plc,1325665,GLANBIA NUTRITIONALS IRELAND PLC,51.162790697674424
IE0000669501,Glanbia Plc,6929179,Glanbia Nutritionals (Ireland) PLC,51.162790697674424
IT0003506190,Atlantia SpA,6846571,ATLANTIKA,94.11764705882352
FR0014004L86,Dassault Aviation SA,9603,DASSAULT AVIAT,90.32258064516128
FR0014004L86,Dassault Aviation SA,357215,DASSAULT SERCEL NAVIGATION POS,51.06382978723405
BE0974362940,Barco NV,38211,BARCO NV,100.0
DE0005227235,Biotest AG,21203,BIOTEST AG,100.0
FR0000061129,Boiron SA,1500824,BOIRON,100.0
SE0010820613,Viking Supply Ships AB,617320,VIKING SUPPLY SHIPS A S,90.47619047619048
DK0010218429,Bang & Olufsen A/S,68655,BANG & OLUFSEN AS,90.32258064516128
DK0010218429,Bang & Olufsen A/S,130790,BANG & OLUFSEN HOLDING AS,90.32258064516128
DK0010218429,Bang & Olufsen A/S,2663506,BANG OLUFSEN A S,100.0
DK0010218429,Bang & Olufsen A/S,2815187,BANG OLUFSEN POWERHOUSE A S,74.4186046511628
DK0010218429,Bang & Olufsen A/S,4448584,BANG&OLUFSEN,85.71428571428572
FR0011027143,Areva SA,53683,AREVA,100.0
FR0011027143,Areva SA,67023,AREVA GMBH,100.0
FR0011027143,Areva SA,117110,AREVA INC,100.0
FR0000053399,CNIM Group SA,658169,CNIM GROUPE,53.333333333333336
DE0005403901,CEWE Stiftung & Co. KGaA,336198,CEWE STIFTUNG & CO KGAA,100.0
DK0060448595,Coloplast A/S,1361,COLOPLAST AS,88.0
DE000A288904,CompuGroup Medical SE & Co. KGaA,82375,COMPUGROUP MEDICAL SE,89.36170212765957
DE000A288904,CompuGroup Medical SE & Co. KGaA,114041,CompuGroup Medical AG,81.81818181818181
DE000A288904,CompuGroup Medical SE & Co. KGaA,3626096,COMPUGROUP MEDICAL SE & CO KGAA,100.0
FR0000053506,Cegedim SA,936579,CEGEDIM,100.0
DE0005498901,Data Modul AG,5930820,DATA MODUL AG,100.0
SE0000163628,Elekta AB,7218,ELEKTA AB,100.0
SE0000163628,Elekta AB,95811,Elekta ltd,100.0
SE0000163628,Elekta AB,98784,ELEKTA INC,100.0
SE0000163628,Elekta AB,106683,ELEKTA INSTR AB,66.66666666666667
SE0000163628,Elekta AB,552290,ELEKTA IGS SA,75.0
SE0000163628,Elekta AB,976078,ELEKTA BEIJING MEDICAL SYSTEMS CO LTD,33.333333333333336
SE0000163628,Elekta AB,1079076,ELEKTA AB (PUBL ),60.0
SE0000163628,Elekta AB,3240699,ELEKTA PTY LTD,75.0
SE0000163628,Elekta AB,3288840,ELEKTA NEUROMAG OY,50.0
SE0000163628,Elekta AB,3625710,ELEKTA IMPLANTS S A,57.14285714285714
SE0000163628,Elekta AB,4134049,ELEKTA SHANGHAI TECH CO LTD,46.15384615384615
SE0000163628,Elekta AB,7161174,ELEKTA INSTR S A,66.66666666666667
SE0000163628,Elekta AB,7771243,ELEKTA ONCOLOGY SYST LTD,46.15384615384615
SE0015961909,Hexagon AB,7598789,HEXAGON HOLDINGS INC,100.0
FR0000031023,Electricite de Strasbourg SA,930367,ELECTRICITE DE STRASBOURG SA,100.0
FI0009005961,Stora Enso Oyj,5229,STORA ENSO AB,83.33333333333334
FI0009005961,Stora Enso Oyj,16132,STORA ENSO OYJ,100.0
FI0009005961,Stora Enso Oyj,245954,STORA ENSO WOOD PRODUCTS OY LT,59.09090909090908
FI0009005961,Stora Enso Oyj,340774,STORA ENSO NORTH AMERICA CORP,62.5
FI0009005961,Stora Enso Oyj,379531,STORA ENSO PACKAGING AB,64.70588235294117
FI0009005961,Stora Enso Oyj,628711,Stora Enso Sachsen GmbH,68.75
FI0009005961,Stora Enso Oyj,899302,STORA ENSO ACTIVATION AB,57.14285714285714
FI0009005961,Stora Enso Oyj,1627490,STORA ENSO RE BOARD AB,66.66666666666667
FI0009005961,Stora Enso Oyj,2069264,STORA ENSO WOOD PRODUCTS OY LTD,63.41463414634146
FI0009005961,Stora Enso Oyj,3015219,STORA ENSO PUBLICATION PAPER G,53.333333333333336
FI0009005961,Stora Enso Oyj,5566132,STORA ENSO PUBLICATION PAPER A,53.333333333333336
FI0009005961,Stora Enso Oyj,6001833,STORA ENSO WOOD PRODUCTS GMBH,63.1578947368421
FI0009005961,Stora Enso Oyj,6102740,STORA ENSO BAIENFURT GMBH & CO,58.82352941176471
ES0134950F36,Faes Farma SA,86299,FAES FARMA SA,100.0
IT0001046553,Carraro SpA,401698,CARRARO SPA,100.0
DE000A3E5D64,Fuchs Petrolub SE,4354,FUCHS PETROLUB SE,100.0
DE000A3E5D64,Fuchs Petrolub SE,68619,FUCHS PETROLUB AG,90.32258064516128
DE0007760001,GELSENWASSER AG,30247,GELSENWASSER AG,100.0
DE0005878003,DMG MORI AG,1219,DMG MORI CO LTD,100.0
DE0005878003,DMG MORI AG,79281,DMG MORI ADVANCED SOLUTIONS INC,45.714285714285715
DE0005878003,DMG MORI AG,117550,DMG MORI SEIKI CO LTD,72.72727272727273
DE0005878003,DMG MORI AG,255422,DMG MORI SEIKI AG,72.72727272727273
DE0005878003,DMG MORI AG,315361,DMG MORI ULTRASONIC LASERTEC GMBH,44.44444444444444
DE0005878003,DMG MORI AG,793030,DMG MORI DIGITAL GMBH,66.66666666666667
DE0005878003,DMG MORI AG,815333,DMG MORI SEIKI ADVANCED SOLUTIONS INC,39.02439024390244
DE0005878003,DMG MORI AG,1509121,DMG MORI Software Solutions GmbH,45.714285714285715
DE0005878003,DMG MORI AG,1538536,DMG MORI AG,100.0
DE0005878003,DMG MORI AG,4211873,DMG MORI ADDITIVE GMBH,64.0
DE0005878003,DMG MORI AG,4923564,DMG MORI SEIKI USA,72.72727272727273
DE0005895403,Grammer AG,5061,GRAMMER AG,100.0
SE0000202624,Getinge AB,160626,GETINGE DISINFECTION AB,51.85185185185186
SE0000202624,Getinge AB,322401,GETING SOLUTIONS GMBH,52.17391304347826
SE0000202624,Getinge AB,428088,GETINGE STERILIZATION AB,50.0
SE0000202624,Getinge AB,524195,GETINGE LA CALHENE,56.00000000000001
SE0000202624,Getinge AB,648599,GETINGE LIFE SCIENCE FRANCE,40.0
SE0000202624,Getinge AB,853883,GETINGE AB,100.0
SE0000202624,Getinge AB,1047879,GETINGE CASTLE INC,66.66666666666667
SE0000202624,Getinge AB,1544180,GETINGE STERILIZATION AKTIEBOL,37.83783783783784
SE0000202624,Getinge AB,3932424,GETINGE STERILIZATION AKTIEBOLAG,35.89743589743589
SE0000202624,Getinge AB,3989014,GETINGE SKAERHAMN AB,58.33333333333333
SE0000202624,Getinge AB,5237750,GETINGE LANCER,63.63636363636363
SE0000202624,Getinge AB,5944285,GETINGE UK LTD,82.35294117647058
FR0000032526,Guerbet SA,33791,GUERBET SA,100.0
SE0000105199,Haldex AB,15678,HALDEX BRAKE PROD GMBH,44.44444444444444
SE0000105199,Haldex AB,62616,HALDEX BRAKE CORP,66.66666666666667
SE0000105199,Haldex AB,79517,HALDEX BRAKE PROD AB,44.44444444444444
SE0000105199,Haldex AB,79861,HALDEX VIE SHANGHAI ELECTROMECHANICAL BRAKE SYSTEM CO LTD,21.42857142857143
SE0000105199,Haldex AB,156817,HALDEX BRAKE PRODUCTS LTD,44.44444444444444
SE0000105199,Haldex AB,203744,HALDEX BRAKE PRODUCTS AKTIEBOLAG,31.57894736842105
SE0000105199,Haldex AB,225084,HALDEX TRACTION AB,57.14285714285714
SE0000105199,Haldex AB,298424,HALDEX BRAKE PRODUCTS CORP,44.44444444444444
SE0000105199,Haldex AB,774832,HALDEX AB,100.0
SE0000105199,Haldex AB,781205,HALDEX HYDRAULICS CORP,52.17391304347826
SE0000105199,Haldex AB,807446,HALDEX GARPHYTTAN AKTIEBOLAG,35.29411764705882
SE0000105199,Haldex AB,932851,HALDEX HYDRAULICS GMBH,52.17391304347826
SE0000105199,Haldex AB,1024631,HALDEX BRAKE PROD GMBH & CO KG,40.0
SE0000105199,Haldex AB,1126410,HALDEX BRAKE PRODUCTS AKTIEBOL,33.333333333333336
SE0000105199,Haldex AB,1770735,HALDEX HYDRAULICS AB,52.17391304347826
SE0000105199,Haldex AB,4941814,HALDEX BARNES GMBH,63.1578947368421
SE0000105199,Haldex AB,6401450,HALDEX EUROP TECHNICAL CT,38.70967741935484
FR0000053142,Faiveley Transport,20084,FAIVELEY TRANSPORT ITALIA SPA,83.72093023255813
FR0000053142,Faiveley Transport,23806,FAIVELEY TRANSPORT,100.0
FR0000053142,Faiveley Transport,50465,FAIVELEY TRANSPORT REMSCHEID,78.26086956521739
FR0000053142,Faiveley Transport,79666,FAIVELEY TRANSP TOURS,76.92307692307692
FR0000053142,Faiveley Transport,111366,FAIVELEY TRANSP LEIPZIG GMBH & CO KG,68.18181818181819
FR0000053142,Faiveley Transport,196331,FAIVELEY TRANSP AMIENS,75.0
FR0000053142,Faiveley Transport,312870,FAIVELEY TRANSP SCHWAB AG,75.0
FR0000053142,Faiveley Transport,352829,FAIVELEY TRANSP WITTEN GMBH,80.0
FR0000053142,Faiveley Transport,991624,FAIVELEY TRANSP NSF,81.08108108108108
FR0000053142,Faiveley Transport,1210862,FAIVELEY TRANSPORT NORDIC AB,83.72093023255813
FR0000053142,Faiveley Transport,2282255,FAIVELEY TRANSP CZECH A S,69.76744186046511
FR0000053142,Faiveley Transport,2343328,FAIVELEY TRANSP PIOSSASCO S P,63.829787234042556
FR0000053142,Faiveley Transport,3463371,FAIVELEY TRANSP ITALIA S R L,66.66666666666667
